Drug A,Drug B,Interaction
Drug_89,Drug_20,0
Drug_15,Drug_45,0
Drug_98,Drug_12,0
Drug_62,Drug_23,1
Drug_9,Drug_43,0
Drug_38,Drug_27,0
Drug_62,Drug_3,0
Drug_85,Drug_89,1
Drug_19,Drug_62,0
Drug_60,Drug_89,1
Drug_12,Drug_53,1
Drug_2,Drug_53,0
Drug_82,Drug_23,0
Drug_97,Drug_99,1
Drug_90,Drug_11,1
Drug_24,Drug_63,1
Drug_83,Drug_81,1
Drug_40,Drug_63,1
Drug_98,Drug_5,0
Drug_88,Drug_58,0
Drug_99,Drug_6,1
Drug_42,Drug_5,1
Drug_90,Drug_21,1
Drug_21,Drug_34,1
Drug_95,Drug_94,1
Drug_88,Drug_74,1
Drug_2,Drug_9,0
Drug_99,Drug_75,1
Drug_37,Drug_7,1
Drug_72,Drug_38,1
Drug_78,Drug_96,1
Drug_84,Drug_44,1
Drug_12,Drug_99,0
Drug_26,Drug_96,0
Drug_6,Drug_46,1
Drug_52,Drug_32,1
Drug_78,Drug_50,1
Drug_98,Drug_82,0
Drug_98,Drug_13,0
Drug_36,Drug_58,0
Drug_23,Drug_78,0
Drug_46,Drug_11,0
Drug_2,Drug_56,0
Drug_17,Drug_93,0
Drug_16,Drug_14,1
Drug_77,Drug_10,1
Drug_35,Drug_50,0
Drug_24,Drug_100,0
Drug_83,Drug_95,1
Drug_27,Drug_4,0
Drug_63,Drug_68,0
Drug_11,Drug_68,0
Drug_48,Drug_90,0
Drug_91,Drug_86,1
Drug_80,Drug_77,0
Drug_51,Drug_52,0
Drug_93,Drug_81,1
Drug_88,Drug_84,0
Drug_66,Drug_42,1
Drug_91,Drug_7,1
Drug_25,Drug_79,0
Drug_27,Drug_88,1
Drug_13,Drug_88,1
Drug_63,Drug_15,0
Drug_85,Drug_93,1
Drug_69,Drug_92,1
Drug_56,Drug_20,0
Drug_68,Drug_73,1
Drug_41,Drug_12,1
Drug_52,Drug_52,0
Drug_84,Drug_41,1
Drug_43,Drug_43,0
Drug_92,Drug_25,0
Drug_29,Drug_90,1
Drug_21,Drug_53,0
Drug_39,Drug_14,1
Drug_94,Drug_88,1
Drug_34,Drug_5,0
Drug_33,Drug_82,1
Drug_80,Drug_34,1
Drug_93,Drug_52,1
Drug_2,Drug_69,1
Drug_10,Drug_69,0
Drug_25,Drug_75,0
Drug_47,Drug_67,1
Drug_6,Drug_8,0
Drug_80,Drug_71,0
Drug_16,Drug_4,0
Drug_61,Drug_5,0
Drug_82,Drug_54,1
Drug_58,Drug_19,0
Drug_48,Drug_65,0
Drug_37,Drug_14,0
Drug_94,Drug_78,1
Drug_71,Drug_41,1
Drug_40,Drug_29,1
Drug_93,Drug_13,1
Drug_72,Drug_90,0
Drug_90,Drug_71,0
Drug_72,Drug_46,1
Drug_55,Drug_94,1
Drug_41,Drug_5,1
Drug_31,Drug_21,1
Drug_3,Drug_16,1
Drug_92,Drug_46,1
Drug_94,Drug_86,0
Drug_8,Drug_67,1
Drug_32,Drug_43,1
Drug_61,Drug_100,0
Drug_86,Drug_45,1
Drug_4,Drug_16,0
Drug_48,Drug_76,1
Drug_8,Drug_69,0
Drug_60,Drug_69,0
Drug_71,Drug_80,1
Drug_44,Drug_69,0
Drug_14,Drug_61,1
Drug_12,Drug_8,0
Drug_3,Drug_64,1
Drug_38,Drug_29,1
Drug_15,Drug_24,0
Drug_59,Drug_66,0
Drug_21,Drug_51,0
Drug_24,Drug_34,1
Drug_34,Drug_40,0
Drug_77,Drug_14,1
Drug_31,Drug_95,0
Drug_79,Drug_76,0
Drug_33,Drug_66,1
Drug_48,Drug_20,0
Drug_14,Drug_62,1
Drug_60,Drug_43,0
Drug_11,Drug_100,1
Drug_68,Drug_94,1
Drug_16,Drug_54,1
Drug_12,Drug_31,0
Drug_57,Drug_95,1
Drug_99,Drug_36,0
Drug_77,Drug_74,1
Drug_67,Drug_52,1
Drug_12,Drug_67,0
Drug_84,Drug_93,1
Drug_76,Drug_39,0
Drug_65,Drug_34,0
Drug_64,Drug_59,1
Drug_11,Drug_56,1
Drug_31,Drug_37,0
Drug_15,Drug_1,1
Drug_63,Drug_38,0
Drug_3,Drug_55,0
Drug_13,Drug_70,0
Drug_6,Drug_78,1
Drug_99,Drug_14,1
Drug_61,Drug_56,0
Drug_50,Drug_95,0
Drug_39,Drug_62,1
Drug_32,Drug_46,1
Drug_100,Drug_42,0
Drug_63,Drug_11,0
Drug_31,Drug_87,0
Drug_80,Drug_71,1
Drug_60,Drug_89,0
Drug_63,Drug_78,1
Drug_13,Drug_2,0
Drug_46,Drug_18,0
Drug_23,Drug_78,1
Drug_41,Drug_38,1
Drug_29,Drug_62,0
Drug_73,Drug_4,1
Drug_77,Drug_25,1
Drug_84,Drug_12,0
Drug_10,Drug_9,0
Drug_36,Drug_49,0
Drug_91,Drug_53,0
Drug_66,Drug_23,0
Drug_19,Drug_63,0
Drug_52,Drug_6,1
Drug_18,Drug_6,0
Drug_57,Drug_69,1
Drug_51,Drug_77,0
Drug_33,Drug_67,1
Drug_32,Drug_43,1
Drug_8,Drug_82,1
Drug_33,Drug_58,1
Drug_52,Drug_27,1
Drug_81,Drug_69,0
Drug_95,Drug_73,1
Drug_100,Drug_24,0
Drug_51,Drug_72,1
Drug_2,Drug_50,1
Drug_43,Drug_26,0
Drug_3,Drug_24,0
Drug_8,Drug_50,0
Drug_87,Drug_32,1
Drug_33,Drug_35,1
Drug_77,Drug_19,0
Drug_52,Drug_40,1
Drug_73,Drug_59,0
Drug_16,Drug_37,1
Drug_60,Drug_67,1
Drug_53,Drug_97,0
Drug_82,Drug_56,0
Drug_55,Drug_23,0
Drug_33,Drug_9,1
Drug_87,Drug_81,1
Drug_54,Drug_48,1
Drug_2,Drug_75,1
Drug_39,Drug_76,1
Drug_71,Drug_54,0
Drug_88,Drug_54,0
Drug_95,Drug_83,1
Drug_8,Drug_31,0
Drug_89,Drug_8,0
Drug_59,Drug_51,1
Drug_78,Drug_32,1
Drug_47,Drug_4,1
Drug_13,Drug_25,0
Drug_75,Drug_73,1
Drug_33,Drug_98,0
Drug_77,Drug_15,1
Drug_48,Drug_89,1
Drug_90,Drug_58,0
Drug_88,Drug_99,0
Drug_38,Drug_17,1
Drug_8,Drug_62,0
Drug_69,Drug_88,1
Drug_42,Drug_97,0
Drug_74,Drug_38,1
Drug_43,Drug_47,0
Drug_91,Drug_45,0
Drug_44,Drug_71,0
Drug_82,Drug_54,0
Drug_53,Drug_99,0
Drug_16,Drug_31,1
Drug_92,Drug_92,1
Drug_80,Drug_88,0
Drug_2,Drug_96,1
Drug_91,Drug_85,0
Drug_93,Drug_95,0
Drug_7,Drug_29,1
Drug_32,Drug_28,1
Drug_22,Drug_5,0
Drug_20,Drug_23,1
Drug_28,Drug_3,0
Drug_74,Drug_1,0
Drug_85,Drug_62,1
Drug_53,Drug_94,1
Drug_24,Drug_89,0
Drug_63,Drug_44,0
Drug_91,Drug_40,1
Drug_48,Drug_55,0
Drug_100,Drug_73,0
Drug_57,Drug_14,0
Drug_20,Drug_99,1
Drug_70,Drug_90,1
Drug_5,Drug_90,1
Drug_69,Drug_27,1
Drug_20,Drug_24,0
Drug_40,Drug_91,0
Drug_3,Drug_1,0
Drug_50,Drug_85,1
Drug_67,Drug_98,1
Drug_59,Drug_62,0
Drug_54,Drug_92,1
Drug_69,Drug_65,1
Drug_73,Drug_39,1
Drug_18,Drug_28,0
Drug_31,Drug_86,0
Drug_87,Drug_87,1
Drug_1,Drug_10,1
Drug_75,Drug_68,0
Drug_27,Drug_14,1
Drug_81,Drug_12,1
Drug_39,Drug_25,1
Drug_59,Drug_76,0
Drug_96,Drug_86,1
Drug_30,Drug_73,1
Drug_71,Drug_81,1
Drug_40,Drug_25,1
Drug_56,Drug_21,0
Drug_25,Drug_58,1
Drug_65,Drug_27,1
Drug_23,Drug_43,1
Drug_15,Drug_71,1
Drug_24,Drug_34,1
Drug_41,Drug_68,1
Drug_9,Drug_55,1
Drug_21,Drug_33,0
Drug_19,Drug_12,1
Drug_33,Drug_75,0
Drug_53,Drug_81,1
Drug_56,Drug_67,0
Drug_69,Drug_10,0
Drug_73,Drug_76,1
Drug_48,Drug_45,1
Drug_65,Drug_15,1
Drug_28,Drug_14,1
Drug_87,Drug_87,0
Drug_12,Drug_21,1
Drug_33,Drug_74,1
Drug_91,Drug_33,0
Drug_2,Drug_52,0
Drug_23,Drug_28,0
Drug_22,Drug_84,1
Drug_32,Drug_32,1
Drug_36,Drug_56,0
Drug_14,Drug_81,1
Drug_39,Drug_7,1
Drug_1,Drug_64,0
Drug_84,Drug_81,0
Drug_3,Drug_8,1
Drug_20,Drug_88,0
Drug_13,Drug_30,0
Drug_97,Drug_1,0
Drug_88,Drug_56,0
Drug_56,Drug_82,1
Drug_96,Drug_31,1
Drug_99,Drug_95,1
Drug_11,Drug_31,0
Drug_48,Drug_57,1
Drug_45,Drug_50,0
Drug_34,Drug_75,0
Drug_56,Drug_59,0
Drug_31,Drug_17,0
Drug_31,Drug_56,1
Drug_26,Drug_21,1
Drug_73,Drug_43,0
Drug_62,Drug_95,1
Drug_11,Drug_64,1
Drug_44,Drug_23,0
Drug_70,Drug_51,0
Drug_52,Drug_82,0
Drug_55,Drug_90,0
Drug_10,Drug_58,1
Drug_31,Drug_31,0
Drug_88,Drug_72,1
Drug_55,Drug_100,0
Drug_56,Drug_8,0
Drug_98,Drug_10,0
Drug_47,Drug_71,1
Drug_96,Drug_43,1
Drug_61,Drug_58,0
Drug_67,Drug_88,0
Drug_88,Drug_37,1
Drug_43,Drug_21,0
Drug_56,Drug_36,1
Drug_1,Drug_62,1
Drug_6,Drug_51,1
Drug_81,Drug_9,1
Drug_49,Drug_66,0
Drug_77,Drug_80,0
Drug_54,Drug_54,0
Drug_29,Drug_23,1
Drug_27,Drug_9,0
Drug_6,Drug_96,1
Drug_63,Drug_74,1
Drug_3,Drug_55,1
Drug_82,Drug_5,0
Drug_75,Drug_74,0
Drug_36,Drug_49,0
Drug_13,Drug_97,1
Drug_51,Drug_5,1
Drug_10,Drug_84,0
Drug_99,Drug_56,0
Drug_15,Drug_98,0
Drug_5,Drug_32,1
Drug_91,Drug_43,0
Drug_58,Drug_28,0
Drug_50,Drug_49,1
Drug_26,Drug_14,1
Drug_46,Drug_62,0
Drug_17,Drug_40,0
Drug_34,Drug_16,0
Drug_55,Drug_50,0
Drug_52,Drug_22,1
Drug_75,Drug_14,0
Drug_43,Drug_4,0
Drug_70,Drug_77,0
Drug_25,Drug_90,1
Drug_81,Drug_22,0
Drug_96,Drug_85,1
Drug_2,Drug_76,1
Drug_20,Drug_25,1
Drug_26,Drug_7,1
Drug_22,Drug_6,1
Drug_78,Drug_15,0
Drug_40,Drug_35,1
Drug_82,Drug_48,1
Drug_7,Drug_78,0
Drug_6,Drug_35,0
Drug_19,Drug_42,1
Drug_45,Drug_46,1
Drug_48,Drug_3,1
Drug_92,Drug_32,1
Drug_57,Drug_32,0
Drug_85,Drug_19,0
Drug_24,Drug_46,0
Drug_38,Drug_92,1
Drug_9,Drug_12,1
Drug_49,Drug_76,1
Drug_6,Drug_91,0
Drug_36,Drug_64,0
Drug_1,Drug_24,1
Drug_16,Drug_18,0
Drug_43,Drug_5,1
Drug_48,Drug_62,0
Drug_44,Drug_6,1
Drug_88,Drug_39,0
Drug_2,Drug_31,1
Drug_73,Drug_82,0
Drug_27,Drug_86,1
Drug_28,Drug_8,1
Drug_33,Drug_91,1
Drug_62,Drug_21,1
Drug_34,Drug_49,1
Drug_5,Drug_76,1
Drug_12,Drug_13,0
Drug_73,Drug_19,1
Drug_53,Drug_66,1
Drug_46,Drug_70,1
Drug_64,Drug_7,0
Drug_68,Drug_58,0
Drug_49,Drug_38,1
Drug_26,Drug_92,1
Drug_47,Drug_69,1
Drug_55,Drug_37,0
Drug_9,Drug_69,1
Drug_55,Drug_12,0
Drug_74,Drug_23,1
Drug_59,Drug_6,1
Drug_6,Drug_47,1
Drug_56,Drug_72,1
Drug_11,Drug_81,0
Drug_24,Drug_9,0
Drug_37,Drug_7,0
Drug_6,Drug_89,0
Drug_87,Drug_16,0
Drug_86,Drug_74,0
Drug_41,Drug_52,1
Drug_3,Drug_74,1
Drug_7,Drug_75,0
Drug_46,Drug_62,0
Drug_82,Drug_14,0
Drug_98,Drug_70,1
Drug_29,Drug_21,1
Drug_82,Drug_25,1
Drug_16,Drug_97,1
Drug_87,Drug_82,0
Drug_37,Drug_64,0
Drug_4,Drug_11,1
Drug_93,Drug_99,1
Drug_79,Drug_41,1
Drug_6,Drug_6,0
Drug_100,Drug_93,1
Drug_64,Drug_18,0
Drug_96,Drug_91,1
Drug_28,Drug_79,0
Drug_21,Drug_69,1
Drug_66,Drug_90,0
Drug_17,Drug_82,0
Drug_65,Drug_75,0
Drug_26,Drug_9,0
Drug_86,Drug_79,0
Drug_55,Drug_22,0
Drug_87,Drug_98,0
Drug_91,Drug_35,0
Drug_24,Drug_31,0
Drug_54,Drug_67,1
Drug_100,Drug_56,0
Drug_69,Drug_87,0
Drug_77,Drug_8,0
Drug_54,Drug_59,0
Drug_16,Drug_67,1
Drug_26,Drug_95,0
Drug_32,Drug_42,0
Drug_89,Drug_79,1
Drug_89,Drug_37,0
Drug_77,Drug_98,1
Drug_59,Drug_79,0
Drug_69,Drug_44,1
Drug_31,Drug_16,0
Drug_41,Drug_44,0
Drug_42,Drug_52,0
Drug_88,Drug_47,1
Drug_15,Drug_22,0
Drug_49,Drug_13,0
Drug_69,Drug_39,0
Drug_95,Drug_74,1
Drug_62,Drug_40,0
Drug_8,Drug_13,0
Drug_51,Drug_49,0
Drug_67,Drug_24,0
Drug_57,Drug_72,0
Drug_6,Drug_38,0
Drug_52,Drug_17,0
Drug_14,Drug_46,1
Drug_86,Drug_65,1
Drug_77,Drug_97,0
Drug_70,Drug_66,1
Drug_29,Drug_17,1
Drug_79,Drug_11,0
Drug_3,Drug_25,0
Drug_87,Drug_82,1
Drug_69,Drug_99,0
Drug_98,Drug_82,1
Drug_42,Drug_6,1
Drug_3,Drug_69,0
Drug_12,Drug_65,0
Drug_42,Drug_57,0
Drug_99,Drug_18,1
Drug_1,Drug_53,0
Drug_7,Drug_62,0
Drug_79,Drug_4,1
Drug_70,Drug_5,0
Drug_53,Drug_98,1
Drug_87,Drug_38,1
Drug_27,Drug_83,0
Drug_28,Drug_20,0
Drug_97,Drug_99,1
Drug_72,Drug_71,0
Drug_18,Drug_50,1
Drug_72,Drug_98,0
Drug_77,Drug_59,1
Drug_9,Drug_54,1
Drug_48,Drug_57,1
Drug_43,Drug_47,0
Drug_44,Drug_26,1
Drug_61,Drug_73,0
Drug_19,Drug_31,1
Drug_93,Drug_53,1
Drug_45,Drug_33,0
Drug_24,Drug_19,0
Drug_42,Drug_99,1
Drug_52,Drug_11,0
Drug_20,Drug_99,1
Drug_30,Drug_65,1
Drug_48,Drug_92,0
Drug_89,Drug_54,0
Drug_82,Drug_79,1
Drug_50,Drug_33,0
Drug_5,Drug_66,1
Drug_94,Drug_29,1
Drug_11,Drug_7,0
Drug_71,Drug_38,1
Drug_29,Drug_95,1
Drug_85,Drug_72,1
Drug_20,Drug_44,0
Drug_78,Drug_39,0
Drug_60,Drug_38,0
Drug_39,Drug_20,1
Drug_67,Drug_74,0
Drug_56,Drug_26,0
Drug_27,Drug_9,0
Drug_17,Drug_6,0
Drug_33,Drug_51,1
Drug_11,Drug_75,0
Drug_31,Drug_85,0
Drug_52,Drug_54,1
Drug_23,Drug_15,0
Drug_7,Drug_23,1
Drug_61,Drug_76,1
Drug_100,Drug_60,1
Drug_24,Drug_28,0
Drug_26,Drug_42,1
Drug_55,Drug_36,1
Drug_100,Drug_62,1
Drug_95,Drug_36,1
Drug_53,Drug_17,0
Drug_47,Drug_38,1
Drug_18,Drug_29,0
Drug_60,Drug_4,0
Drug_38,Drug_53,1
Drug_5,Drug_14,1
Drug_32,Drug_70,1
Drug_30,Drug_87,1
Drug_84,Drug_46,0
Drug_49,Drug_77,0
Drug_58,Drug_17,0
Drug_80,Drug_72,1
Drug_92,Drug_44,1
Drug_80,Drug_12,0
Drug_66,Drug_71,1
Drug_73,Drug_90,0
Drug_87,Drug_52,1
Drug_72,Drug_92,1
Drug_49,Drug_33,0
Drug_94,Drug_64,0
Drug_78,Drug_21,1
Drug_59,Drug_8,0
Drug_45,Drug_30,1
Drug_18,Drug_93,1
Drug_22,Drug_38,1
Drug_46,Drug_42,0
Drug_85,Drug_15,0
Drug_18,Drug_48,1
Drug_33,Drug_67,0
Drug_64,Drug_51,1
Drug_77,Drug_67,0
Drug_47,Drug_95,0
Drug_12,Drug_9,1
Drug_1,Drug_97,0
Drug_80,Drug_44,1
Drug_59,Drug_30,1
Drug_92,Drug_23,0
Drug_88,Drug_37,1
Drug_74,Drug_10,1
Drug_99,Drug_64,0
Drug_97,Drug_78,0
Drug_61,Drug_76,1
Drug_81,Drug_10,1
Drug_98,Drug_72,0
Drug_15,Drug_35,1
Drug_37,Drug_37,1
Drug_65,Drug_63,1
Drug_51,Drug_65,1
Drug_62,Drug_90,1
Drug_55,Drug_84,0
Drug_12,Drug_62,0
Drug_38,Drug_46,0
Drug_70,Drug_77,1
Drug_46,Drug_43,0
Drug_20,Drug_32,0
Drug_13,Drug_75,0
Drug_29,Drug_77,1
Drug_84,Drug_59,0
Drug_4,Drug_61,0
Drug_6,Drug_49,1
Drug_32,Drug_75,1
Drug_37,Drug_19,1
Drug_71,Drug_94,0
Drug_91,Drug_68,1
Drug_10,Drug_11,1
Drug_86,Drug_85,1
Drug_100,Drug_74,1
Drug_61,Drug_87,1
Drug_74,Drug_44,1
Drug_35,Drug_65,0
Drug_1,Drug_90,1
Drug_27,Drug_24,0
Drug_44,Drug_54,0
Drug_69,Drug_57,0
Drug_32,Drug_18,1
Drug_89,Drug_22,0
Drug_15,Drug_25,0
Drug_39,Drug_100,0
Drug_15,Drug_19,1
Drug_20,Drug_81,1
Drug_19,Drug_37,1
Drug_62,Drug_28,0
Drug_10,Drug_47,0
Drug_83,Drug_15,1
Drug_84,Drug_59,0
Drug_49,Drug_50,0
Drug_68,Drug_45,1
Drug_23,Drug_89,0
Drug_70,Drug_8,0
Drug_95,Drug_69,0
Drug_99,Drug_20,1
Drug_34,Drug_55,0
Drug_53,Drug_2,1
Drug_43,Drug_63,0
Drug_35,Drug_63,0
Drug_35,Drug_33,1
Drug_90,Drug_28,0
Drug_82,Drug_13,0
Drug_92,Drug_3,1
Drug_52,Drug_28,0
Drug_23,Drug_90,1
Drug_88,Drug_13,0
Drug_90,Drug_76,1
Drug_7,Drug_70,1
Drug_61,Drug_34,0
Drug_80,Drug_21,0
Drug_28,Drug_93,0
Drug_36,Drug_28,1
Drug_89,Drug_57,0
Drug_38,Drug_81,1
Drug_86,Drug_1,0
Drug_17,Drug_52,1
Drug_56,Drug_80,0
Drug_72,Drug_49,0
Drug_8,Drug_14,1
Drug_8,Drug_60,1
Drug_72,Drug_100,1
Drug_14,Drug_96,1
Drug_46,Drug_27,1
Drug_16,Drug_35,0
Drug_49,Drug_99,1
Drug_48,Drug_34,0
Drug_37,Drug_1,1
Drug_98,Drug_3,1
Drug_72,Drug_59,0
Drug_62,Drug_82,1
Drug_70,Drug_88,0
Drug_22,Drug_7,1
Drug_99,Drug_67,0
Drug_32,Drug_19,0
Drug_44,Drug_77,1
Drug_19,Drug_38,1
Drug_37,Drug_59,1
Drug_26,Drug_31,0
Drug_25,Drug_89,1
Drug_6,Drug_47,0
Drug_85,Drug_99,0
Drug_75,Drug_89,0
Drug_14,Drug_18,1
Drug_92,Drug_53,1
Drug_14,Drug_3,0
Drug_49,Drug_73,1
Drug_38,Drug_24,1
Drug_96,Drug_71,1
Drug_62,Drug_67,1
Drug_80,Drug_64,1
Drug_91,Drug_91,1
Drug_17,Drug_90,0
Drug_73,Drug_59,1
Drug_57,Drug_23,0
Drug_3,Drug_30,0
Drug_9,Drug_84,0
Drug_32,Drug_81,1
Drug_43,Drug_3,1
Drug_19,Drug_76,0
Drug_30,Drug_59,0
Drug_14,Drug_61,1
Drug_38,Drug_2,1
Drug_18,Drug_13,1
Drug_25,Drug_93,0
Drug_23,Drug_64,1
Drug_18,Drug_6,1
Drug_46,Drug_68,1
Drug_44,Drug_87,0
Drug_83,Drug_81,1
Drug_30,Drug_84,0
Drug_94,Drug_52,0
Drug_8,Drug_74,1
Drug_61,Drug_79,0
Drug_95,Drug_29,0
Drug_44,Drug_63,1
Drug_74,Drug_76,1
Drug_83,Drug_16,1
Drug_66,Drug_65,0
Drug_18,Drug_19,1
Drug_79,Drug_28,1
Drug_9,Drug_11,1
Drug_26,Drug_99,0
Drug_39,Drug_84,0
Drug_80,Drug_98,0
Drug_28,Drug_93,0
Drug_7,Drug_78,0
Drug_4,Drug_96,0
Drug_80,Drug_46,0
Drug_7,Drug_97,1
Drug_43,Drug_84,1
Drug_30,Drug_86,1
Drug_49,Drug_37,0
Drug_38,Drug_98,0
Drug_2,Drug_15,0
Drug_8,Drug_4,0
Drug_35,Drug_29,0
Drug_40,Drug_69,0
Drug_28,Drug_12,1
Drug_22,Drug_86,0
Drug_60,Drug_61,0
Drug_94,Drug_35,0
Drug_84,Drug_20,1
Drug_38,Drug_31,1
Drug_26,Drug_74,0
Drug_100,Drug_46,1
Drug_87,Drug_90,1
Drug_13,Drug_48,1
Drug_88,Drug_40,1
Drug_7,Drug_78,0
Drug_76,Drug_46,1
Drug_88,Drug_99,1
Drug_68,Drug_8,1
Drug_35,Drug_94,1
Drug_74,Drug_76,0
Drug_59,Drug_61,0
Drug_82,Drug_52,1
Drug_24,Drug_56,0
Drug_51,Drug_85,1
Drug_80,Drug_93,1
Drug_50,Drug_46,0
Drug_81,Drug_57,1
Drug_22,Drug_29,0
Drug_28,Drug_3,0
Drug_66,Drug_25,1
Drug_68,Drug_6,1
Drug_19,Drug_44,1
Drug_4,Drug_57,1
Drug_44,Drug_33,0
Drug_28,Drug_6,1
Drug_75,Drug_67,1
Drug_58,Drug_40,0
Drug_47,Drug_81,0
Drug_72,Drug_46,1
Drug_76,Drug_80,0
Drug_43,Drug_99,1
Drug_29,Drug_59,1
Drug_8,Drug_3,0
Drug_55,Drug_16,0
Drug_55,Drug_29,0
Drug_99,Drug_70,1
Drug_31,Drug_51,0
Drug_84,Drug_52,0
Drug_33,Drug_90,1
Drug_14,Drug_52,1
Drug_32,Drug_22,0
Drug_38,Drug_98,0
Drug_48,Drug_91,1
Drug_87,Drug_79,0
Drug_17,Drug_71,1
Drug_56,Drug_85,1
Drug_61,Drug_67,1
Drug_7,Drug_21,1
Drug_52,Drug_42,1
Drug_32,Drug_72,0
Drug_97,Drug_33,1
Drug_43,Drug_74,0
Drug_82,Drug_81,1
Drug_22,Drug_88,0
Drug_43,Drug_93,0
Drug_22,Drug_55,1
Drug_43,Drug_7,0
Drug_28,Drug_81,1
Drug_20,Drug_15,1
Drug_47,Drug_62,0
Drug_56,Drug_31,0
Drug_87,Drug_98,0
Drug_44,Drug_26,0
Drug_1,Drug_12,0
Drug_98,Drug_84,1
Drug_56,Drug_97,0
Drug_78,Drug_56,1
Drug_22,Drug_64,0
Drug_87,Drug_30,0
Drug_38,Drug_16,1
Drug_68,Drug_13,1
Drug_62,Drug_16,1
Drug_83,Drug_7,0
Drug_46,Drug_85,1
Drug_38,Drug_61,0
Drug_69,Drug_38,1
Drug_96,Drug_15,1
Drug_27,Drug_56,0
Drug_51,Drug_82,0
Drug_98,Drug_7,0
Drug_70,Drug_19,0
Drug_54,Drug_48,1
Drug_41,Drug_12,0
Drug_7,Drug_44,1
Drug_57,Drug_77,0
Drug_46,Drug_67,0
Drug_72,Drug_48,0
Drug_9,Drug_45,0
Drug_12,Drug_79,1
Drug_4,Drug_76,1
Drug_29,Drug_46,1
Drug_28,Drug_93,1
Drug_99,Drug_22,1
Drug_12,Drug_37,0
Drug_97,Drug_60,1
Drug_35,Drug_48,1
Drug_7,Drug_85,1
Drug_44,Drug_72,0
Drug_62,Drug_28,0
Drug_55,Drug_52,0
Drug_45,Drug_50,0
Drug_91,Drug_46,0
Drug_81,Drug_36,1
Drug_77,Drug_96,0
Drug_40,Drug_16,0
Drug_71,Drug_38,0
Drug_86,Drug_90,0
Drug_21,Drug_30,1
Drug_32,Drug_40,1
Drug_15,Drug_80,1
Drug_10,Drug_52,1
Drug_93,Drug_94,1
Drug_45,Drug_89,1
Drug_38,Drug_97,1
Drug_31,Drug_98,1
Drug_9,Drug_5,0
Drug_33,Drug_50,0
Drug_58,Drug_14,1
Drug_87,Drug_67,1
Drug_73,Drug_80,1
Drug_68,Drug_40,0
Drug_42,Drug_75,0
Drug_84,Drug_37,1
Drug_69,Drug_95,0
Drug_44,Drug_36,1
Drug_90,Drug_60,1
Drug_46,Drug_41,1
Drug_61,Drug_30,1
Drug_24,Drug_90,1
Drug_22,Drug_7,1
Drug_9,Drug_67,0
Drug_1,Drug_25,1
Drug_81,Drug_11,0
Drug_100,Drug_32,1
Drug_77,Drug_4,0
Drug_89,Drug_16,1
Drug_2,Drug_44,0
Drug_63,Drug_8,1
Drug_9,Drug_45,0
Drug_34,Drug_19,1
Drug_80,Drug_33,1
Drug_3,Drug_68,0
Drug_68,Drug_60,0
Drug_16,Drug_87,1
Drug_79,Drug_78,0
Drug_86,Drug_44,1
Drug_86,Drug_26,1
Drug_76,Drug_66,1
Drug_41,Drug_34,1
Drug_100,Drug_29,0
Drug_59,Drug_22,0
Drug_79,Drug_42,0
Drug_21,Drug_31,1
Drug_12,Drug_34,0
Drug_30,Drug_19,1
Drug_95,Drug_98,0
Drug_36,Drug_67,1
Drug_70,Drug_60,1
Drug_75,Drug_44,0
Drug_53,Drug_82,1
Drug_9,Drug_83,1
Drug_23,Drug_59,1
Drug_58,Drug_99,1
Drug_10,Drug_89,0
Drug_70,Drug_66,1
Drug_61,Drug_90,0
Drug_80,Drug_74,0
Drug_73,Drug_40,1
Drug_32,Drug_55,1
Drug_94,Drug_46,1
Drug_38,Drug_93,1
Drug_32,Drug_67,0
Drug_51,Drug_50,0
Drug_44,Drug_36,0
Drug_58,Drug_40,1
Drug_50,Drug_26,1
Drug_53,Drug_34,1
Drug_23,Drug_71,0
Drug_40,Drug_51,1
Drug_36,Drug_10,1
Drug_76,Drug_41,1
Drug_27,Drug_99,1
Drug_92,Drug_51,0
Drug_22,Drug_4,1
Drug_49,Drug_29,0
Drug_81,Drug_25,0
Drug_82,Drug_12,0
Drug_78,Drug_15,1
Drug_74,Drug_70,0
Drug_30,Drug_74,1
Drug_11,Drug_15,1
Drug_30,Drug_75,0
Drug_58,Drug_12,0
Drug_65,Drug_25,1
Drug_64,Drug_35,1
Drug_52,Drug_3,0
Drug_47,Drug_30,0
Drug_44,Drug_25,1
Drug_75,Drug_64,1
Drug_79,Drug_95,1
Drug_25,Drug_38,1
Drug_51,Drug_46,0
Drug_29,Drug_100,1
Drug_74,Drug_85,1
Drug_75,Drug_25,0
Drug_11,Drug_62,1
Drug_39,Drug_100,1
Drug_17,Drug_22,0
Drug_97,Drug_18,0
Drug_54,Drug_79,0
Drug_77,Drug_52,0
Drug_11,Drug_61,1
Drug_77,Drug_41,1
Drug_65,Drug_9,0
Drug_97,Drug_4,1
Drug_22,Drug_94,1
Drug_55,Drug_85,0
Drug_66,Drug_58,0
Drug_37,Drug_23,0
Drug_24,Drug_86,0
Drug_16,Drug_76,1
Drug_2,Drug_87,1
Drug_3,Drug_65,1
Drug_25,Drug_1,1
Drug_99,Drug_77,0
Drug_81,Drug_94,0
Drug_61,Drug_89,0
Drug_91,Drug_32,0
Drug_40,Drug_60,0
Drug_55,Drug_79,1
Drug_64,Drug_2,0
Drug_87,Drug_47,0
Drug_80,Drug_27,1
Drug_28,Drug_83,0
Drug_96,Drug_25,1
Drug_34,Drug_71,0
Drug_68,Drug_64,0
Drug_24,Drug_81,1
Drug_43,Drug_79,1
Drug_54,Drug_61,1
Drug_17,Drug_38,1
Drug_99,Drug_74,1
Drug_59,Drug_37,0
Drug_37,Drug_2,0
Drug_26,Drug_88,0
Drug_70,Drug_12,1
Drug_21,Drug_98,1
Drug_25,Drug_99,1
Drug_79,Drug_34,1
Drug_78,Drug_39,0
Drug_45,Drug_25,0
Drug_28,Drug_18,1
Drug_98,Drug_4,1
Drug_35,Drug_48,0
Drug_24,Drug_91,1
Drug_90,Drug_31,1
Drug_38,Drug_18,0
Drug_90,Drug_41,1
Drug_44,Drug_83,1
Drug_20,Drug_34,0
Drug_51,Drug_24,1
Drug_32,Drug_33,1
Drug_88,Drug_6,0
Drug_41,Drug_95,0
Drug_83,Drug_84,1
Drug_24,Drug_12,1
Drug_77,Drug_46,0
Drug_84,Drug_11,0
Drug_58,Drug_79,1
Drug_47,Drug_80,0
Drug_83,Drug_33,1
Drug_47,Drug_35,0
Drug_48,Drug_15,0
Drug_30,Drug_99,0
Drug_66,Drug_40,1
Drug_26,Drug_10,0
Drug_24,Drug_91,0
Drug_16,Drug_59,1
Drug_39,Drug_26,1
Drug_27,Drug_98,0
Drug_33,Drug_8,1
Drug_96,Drug_79,1
Drug_58,Drug_84,1
Drug_5,Drug_85,1
Drug_53,Drug_90,1
Drug_30,Drug_45,1
Drug_56,Drug_47,0
Drug_78,Drug_50,1
Drug_98,Drug_32,1
Drug_94,Drug_75,0
Drug_66,Drug_39,1
Drug_7,Drug_23,1
Drug_97,Drug_69,1
Drug_53,Drug_53,0
Drug_65,Drug_80,1
Drug_26,Drug_87,1
Drug_61,Drug_32,0
Drug_30,Drug_43,1
Drug_31,Drug_95,0
Drug_41,Drug_24,1
Drug_41,Drug_91,0
Drug_76,Drug_55,0
Drug_13,Drug_69,0
Drug_81,Drug_64,1
Drug_3,Drug_23,0
Drug_74,Drug_27,1
Drug_78,Drug_98,1
Drug_93,Drug_89,0
Drug_73,Drug_47,0
Drug_84,Drug_4,1
Drug_61,Drug_98,1
Drug_63,Drug_72,1
Drug_31,Drug_43,0
Drug_43,Drug_79,0
Drug_13,Drug_24,1
Drug_28,Drug_30,1
Drug_70,Drug_88,1
Drug_33,Drug_79,1
Drug_28,Drug_42,0
Drug_69,Drug_66,1
Drug_17,Drug_64,0
Drug_26,Drug_80,0
Drug_67,Drug_18,1
Drug_46,Drug_30,1
Drug_29,Drug_29,0
Drug_76,Drug_7,0
Drug_30,Drug_34,0
Drug_20,Drug_28,0
Drug_2,Drug_29,0
Drug_83,Drug_76,0
Drug_25,Drug_65,1
Drug_7,Drug_31,0
Drug_97,Drug_52,1
Drug_65,Drug_59,0
Drug_96,Drug_52,1
Drug_77,Drug_72,0
Drug_30,Drug_48,1
Drug_93,Drug_82,1
Drug_86,Drug_76,0
Drug_49,Drug_17,1
Drug_91,Drug_81,1
Drug_51,Drug_94,0
Drug_78,Drug_51,1
Drug_85,Drug_100,1
Drug_98,Drug_64,1
Drug_53,Drug_74,0
Drug_34,Drug_37,1
Drug_10,Drug_18,0
Drug_49,Drug_16,0
Drug_16,Drug_2,0
Drug_59,Drug_91,0
Drug_90,Drug_78,0
Drug_5,Drug_95,1
Drug_92,Drug_41,1
Drug_50,Drug_9,0
Drug_37,Drug_62,1
Drug_21,Drug_60,1
Drug_15,Drug_100,0
Drug_28,Drug_46,1
Drug_89,Drug_12,1
Drug_41,Drug_13,0
Drug_75,Drug_49,1
Drug_6,Drug_32,0
Drug_38,Drug_21,0
Drug_99,Drug_71,1
Drug_33,Drug_7,0
Drug_23,Drug_86,1
Drug_20,Drug_98,0
Drug_8,Drug_67,0
Drug_64,Drug_91,1
Drug_58,Drug_78,0
Drug_3,Drug_52,1
Drug_1,Drug_69,0
Drug_11,Drug_13,1
Drug_86,Drug_80,1
Drug_84,Drug_36,1
Drug_73,Drug_65,0
Drug_53,Drug_76,1
Drug_40,Drug_98,1
Drug_72,Drug_42,1
Drug_38,Drug_6,1
Drug_6,Drug_82,1
Drug_26,Drug_55,1
Drug_63,Drug_11,1
Drug_49,Drug_32,1
Drug_47,Drug_31,1
Drug_8,Drug_86,1
Drug_22,Drug_81,0
Drug_15,Drug_14,0
Drug_42,Drug_56,0
Drug_29,Drug_7,0
Drug_65,Drug_67,0
Drug_15,Drug_13,0
Drug_46,Drug_89,0
Drug_35,Drug_79,1
Drug_30,Drug_6,0
Drug_79,Drug_28,1
Drug_85,Drug_82,1
Drug_3,Drug_38,1
Drug_91,Drug_25,0
Drug_73,Drug_73,1
Drug_1,Drug_28,1
Drug_89,Drug_6,0
Drug_10,Drug_92,0
Drug_4,Drug_34,0
Drug_32,Drug_73,0
Drug_75,Drug_57,1
Drug_58,Drug_44,0
Drug_24,Drug_16,1
Drug_48,Drug_25,0
Drug_41,Drug_41,1
Drug_77,Drug_48,0
Drug_16,Drug_52,1
Drug_57,Drug_13,0
Drug_56,Drug_85,0
Drug_9,Drug_25,0
Drug_49,Drug_93,1
Drug_11,Drug_85,0
Drug_43,Drug_67,1
Drug_26,Drug_42,1
Drug_59,Drug_76,0
Drug_67,Drug_100,1
Drug_83,Drug_47,0
Drug_2,Drug_29,1
Drug_33,Drug_50,0
Drug_85,Drug_48,0
Drug_91,Drug_11,0
Drug_93,Drug_71,1
Drug_63,Drug_52,1
Drug_49,Drug_36,1
Drug_16,Drug_14,0
Drug_71,Drug_62,0
Drug_46,Drug_25,0
Drug_28,Drug_41,1
Drug_7,Drug_72,1
Drug_75,Drug_50,1
Drug_61,Drug_86,0
Drug_83,Drug_52,0
Drug_4,Drug_24,1
Drug_11,Drug_81,0
Drug_94,Drug_21,0
Drug_3,Drug_70,1
Drug_83,Drug_20,0
Drug_53,Drug_97,1
Drug_85,Drug_11,0
Drug_89,Drug_74,0
Drug_73,Drug_60,1
Drug_15,Drug_92,1
Drug_26,Drug_94,0
Drug_58,Drug_74,0
Drug_65,Drug_70,0
Drug_4,Drug_34,1
Drug_19,Drug_46,0
Drug_20,Drug_52,0
Drug_52,Drug_55,0
Drug_72,Drug_35,0
Drug_4,Drug_87,0
Drug_96,Drug_3,1
Drug_29,Drug_76,0
Drug_18,Drug_16,0
Drug_90,Drug_41,1
Drug_89,Drug_76,1
Drug_16,Drug_46,0
Drug_8,Drug_3,0
Drug_77,Drug_43,0
Drug_94,Drug_25,1
Drug_4,Drug_3,0
Drug_28,Drug_70,1
Drug_80,Drug_60,0
Drug_96,Drug_29,1
Drug_81,Drug_89,0
Drug_13,Drug_21,1
Drug_47,Drug_43,0
Drug_42,Drug_44,0
Drug_92,Drug_14,1
Drug_34,Drug_16,0
Drug_31,Drug_25,0
Drug_10,Drug_66,1
Drug_33,Drug_29,0
Drug_77,Drug_48,1
Drug_5,Drug_25,0
Drug_62,Drug_28,0
Drug_27,Drug_59,1
Drug_26,Drug_78,1
Drug_12,Drug_75,1
Drug_99,Drug_88,1
Drug_47,Drug_75,0
Drug_86,Drug_20,1
Drug_13,Drug_68,1
Drug_56,Drug_78,1
Drug_8,Drug_27,0
Drug_82,Drug_56,1
Drug_12,Drug_65,1
Drug_88,Drug_95,0
Drug_53,Drug_2,1
Drug_9,Drug_60,0
Drug_76,Drug_88,1
Drug_89,Drug_97,0
Drug_78,Drug_15,1
Drug_61,Drug_13,1
Drug_6,Drug_59,0
Drug_55,Drug_35,0
Drug_5,Drug_85,0
Drug_50,Drug_88,0
Drug_84,Drug_72,1
Drug_1,Drug_71,0
Drug_36,Drug_32,1
Drug_36,Drug_7,0
Drug_66,Drug_86,1
Drug_62,Drug_83,0
Drug_96,Drug_16,0
Drug_10,Drug_8,1
Drug_47,Drug_17,1
Drug_50,Drug_72,0
Drug_63,Drug_79,0
Drug_51,Drug_43,1
Drug_78,Drug_73,0
Drug_27,Drug_39,0
Drug_89,Drug_9,0
Drug_43,Drug_44,0
Drug_50,Drug_69,1
Drug_73,Drug_97,1
Drug_32,Drug_30,0
Drug_30,Drug_72,0
Drug_85,Drug_40,1
Drug_21,Drug_13,0
Drug_62,Drug_32,1
Drug_34,Drug_68,0
Drug_20,Drug_23,0
Drug_99,Drug_98,1
Drug_9,Drug_89,1
Drug_67,Drug_13,1
Drug_21,Drug_44,0
Drug_88,Drug_13,0
Drug_89,Drug_100,1
Drug_41,Drug_10,0
Drug_88,Drug_25,1
Drug_76,Drug_14,0
Drug_9,Drug_36,1
Drug_87,Drug_13,0
Drug_51,Drug_97,0
Drug_16,Drug_39,1
Drug_35,Drug_49,1
Drug_96,Drug_34,0
Drug_48,Drug_97,1
Drug_39,Drug_50,0
Drug_46,Drug_16,0
Drug_37,Drug_45,0
Drug_34,Drug_28,1
Drug_41,Drug_93,1
Drug_60,Drug_10,1
Drug_43,Drug_46,1
Drug_47,Drug_26,1
Drug_78,Drug_82,1
Drug_28,Drug_70,1
Drug_77,Drug_79,1
Drug_8,Drug_59,0
Drug_50,Drug_17,1
Drug_56,Drug_53,1
Drug_1,Drug_78,0
Drug_76,Drug_35,0
Drug_100,Drug_77,0
Drug_100,Drug_74,0
Drug_15,Drug_92,1
Drug_92,Drug_21,0
Drug_97,Drug_100,0
Drug_42,Drug_1,0
Drug_12,Drug_17,0
Drug_72,Drug_15,0
Drug_69,Drug_19,1
Drug_94,Drug_91,1
Drug_14,Drug_56,0
Drug_32,Drug_7,1
Drug_28,Drug_69,1
Drug_88,Drug_50,0
Drug_84,Drug_62,1
Drug_65,Drug_90,1
Drug_14,Drug_26,1
Drug_32,Drug_59,1
Drug_19,Drug_74,0
Drug_59,Drug_46,0
Drug_57,Drug_48,1
Drug_12,Drug_89,1
Drug_95,Drug_52,1
Drug_32,Drug_80,0
Drug_11,Drug_33,0
Drug_96,Drug_30,0
Drug_52,Drug_23,1
Drug_25,Drug_50,0
Drug_8,Drug_32,1
Drug_3,Drug_34,0
Drug_14,Drug_77,1
Drug_50,Drug_51,0
Drug_82,Drug_2,1
Drug_48,Drug_20,1
Drug_92,Drug_47,0
Drug_42,Drug_73,1
Drug_8,Drug_95,0
Drug_11,Drug_83,1
Drug_53,Drug_30,0
Drug_75,Drug_27,1
Drug_89,Drug_30,0
Drug_9,Drug_94,0
Drug_21,Drug_17,1
Drug_44,Drug_44,1
Drug_56,Drug_28,0
Drug_7,Drug_25,1
Drug_46,Drug_89,0
Drug_100,Drug_78,0
Drug_76,Drug_4,0
Drug_29,Drug_37,1
Drug_97,Drug_50,1
Drug_23,Drug_46,0
Drug_33,Drug_64,1
Drug_80,Drug_33,0
Drug_16,Drug_20,0
Drug_43,Drug_5,0
Drug_8,Drug_26,1
Drug_52,Drug_91,1
Drug_43,Drug_45,1
Drug_53,Drug_39,0
Drug_72,Drug_59,1
Drug_12,Drug_94,0
Drug_90,Drug_85,1
Drug_44,Drug_11,1
Drug_92,Drug_97,1
Drug_72,Drug_35,1
Drug_34,Drug_98,1
Drug_38,Drug_69,1
Drug_82,Drug_52,1
Drug_89,Drug_22,1
Drug_21,Drug_63,1
Drug_66,Drug_15,0
Drug_7,Drug_42,0
Drug_49,Drug_72,1
Drug_31,Drug_1,1
Drug_72,Drug_96,0
Drug_77,Drug_78,0
Drug_10,Drug_47,0
Drug_49,Drug_8,0
Drug_44,Drug_64,0
Drug_66,Drug_82,0
Drug_44,Drug_88,1
Drug_100,Drug_98,0
Drug_73,Drug_65,0
Drug_42,Drug_52,0
Drug_94,Drug_79,1
Drug_28,Drug_69,1
Drug_82,Drug_21,1
Drug_1,Drug_87,1
Drug_58,Drug_100,1
Drug_35,Drug_21,1
Drug_94,Drug_56,0
Drug_2,Drug_17,1
Drug_85,Drug_91,1
Drug_39,Drug_58,0
Drug_24,Drug_17,0
Drug_64,Drug_54,1
Drug_67,Drug_99,0
Drug_84,Drug_2,0
Drug_31,Drug_78,1
Drug_33,Drug_94,0
Drug_41,Drug_27,1
Drug_97,Drug_25,1
Drug_77,Drug_9,0
Drug_70,Drug_100,1
Drug_49,Drug_75,1
Drug_85,Drug_7,1
Drug_77,Drug_70,0
Drug_52,Drug_82,0
Drug_51,Drug_17,0
Drug_67,Drug_70,1
Drug_92,Drug_10,1
Drug_49,Drug_23,1
Drug_37,Drug_12,1
Drug_14,Drug_18,1
Drug_58,Drug_1,0
Drug_66,Drug_27,1
Drug_88,Drug_45,0
Drug_97,Drug_70,0
Drug_79,Drug_69,0
Drug_25,Drug_35,1
Drug_69,Drug_95,1
Drug_68,Drug_15,1
Drug_65,Drug_41,1
Drug_44,Drug_30,1
Drug_20,Drug_87,1
Drug_46,Drug_11,1
Drug_34,Drug_20,1
Drug_22,Drug_51,1
Drug_22,Drug_46,0
Drug_81,Drug_58,0
Drug_10,Drug_96,1
Drug_37,Drug_8,1
Drug_64,Drug_14,0
Drug_45,Drug_2,0
Drug_42,Drug_54,0
Drug_50,Drug_1,1
Drug_19,Drug_30,0
Drug_30,Drug_38,0
Drug_61,Drug_58,0
Drug_9,Drug_26,0
Drug_86,Drug_94,0
Drug_66,Drug_32,0
Drug_42,Drug_13,0
Drug_6,Drug_38,0
Drug_21,Drug_8,1
Drug_53,Drug_38,0
Drug_66,Drug_46,1
Drug_14,Drug_77,1
Drug_41,Drug_21,0
Drug_41,Drug_14,1
Drug_2,Drug_28,0
Drug_87,Drug_79,0
Drug_97,Drug_28,0
Drug_41,Drug_97,1
Drug_69,Drug_64,0
Drug_58,Drug_9,0
Drug_30,Drug_23,1
Drug_35,Drug_63,0
Drug_36,Drug_55,1
Drug_11,Drug_41,1
Drug_96,Drug_30,1
Drug_40,Drug_22,1
Drug_71,Drug_96,1
Drug_77,Drug_78,1
Drug_58,Drug_5,1
Drug_72,Drug_35,0
Drug_65,Drug_65,1
Drug_22,Drug_95,0
Drug_25,Drug_69,0
Drug_46,Drug_66,1
Drug_21,Drug_71,1
Drug_10,Drug_4,1
Drug_37,Drug_95,1
Drug_30,Drug_71,1
Drug_39,Drug_48,0
Drug_47,Drug_44,0
Drug_55,Drug_89,1
Drug_60,Drug_83,0
Drug_77,Drug_36,1
Drug_56,Drug_32,0
Drug_7,Drug_49,1
Drug_91,Drug_45,1
Drug_85,Drug_32,1
Drug_81,Drug_36,1
Drug_28,Drug_43,1
Drug_99,Drug_47,0
Drug_33,Drug_24,1
Drug_66,Drug_89,0
Drug_28,Drug_48,1
Drug_36,Drug_39,1
Drug_100,Drug_12,0
Drug_9,Drug_99,1
Drug_33,Drug_12,0
Drug_5,Drug_2,0
Drug_40,Drug_12,0
Drug_25,Drug_49,0
Drug_25,Drug_39,1
Drug_59,Drug_44,1
Drug_67,Drug_29,1
Drug_47,Drug_85,0
Drug_44,Drug_33,1
Drug_92,Drug_18,0
Drug_7,Drug_5,0
Drug_26,Drug_87,1
Drug_39,Drug_24,1
Drug_7,Drug_93,0
Drug_80,Drug_86,0
Drug_39,Drug_34,1
Drug_65,Drug_32,0
Drug_79,Drug_32,1
Drug_60,Drug_61,0
Drug_49,Drug_9,1
Drug_80,Drug_91,0
Drug_95,Drug_80,0
Drug_95,Drug_42,0
Drug_11,Drug_99,0
Drug_66,Drug_72,0
Drug_52,Drug_56,0
Drug_77,Drug_76,1
Drug_36,Drug_30,0
Drug_60,Drug_16,1
Drug_41,Drug_77,1
Drug_50,Drug_75,0
Drug_38,Drug_39,1
Drug_76,Drug_3,0
Drug_87,Drug_80,0
Drug_18,Drug_49,0
Drug_5,Drug_51,0
Drug_16,Drug_82,0
Drug_40,Drug_59,1
Drug_46,Drug_53,0
Drug_62,Drug_49,1
Drug_11,Drug_60,0
Drug_3,Drug_12,0
Drug_35,Drug_7,0
Drug_57,Drug_85,1
Drug_47,Drug_59,0
Drug_58,Drug_78,0
Drug_31,Drug_35,1
Drug_88,Drug_59,1
Drug_46,Drug_55,0
Drug_29,Drug_52,0
Drug_78,Drug_39,0
Drug_62,Drug_5,1
Drug_90,Drug_67,1
Drug_66,Drug_30,1
Drug_70,Drug_68,1
Drug_86,Drug_17,0
Drug_37,Drug_64,0
Drug_43,Drug_34,1
Drug_25,Drug_20,1
Drug_76,Drug_98,1
Drug_38,Drug_53,1
Drug_97,Drug_24,0
Drug_82,Drug_37,1
Drug_89,Drug_32,0
Drug_18,Drug_91,0
Drug_83,Drug_17,0
Drug_96,Drug_88,1
Drug_4,Drug_75,0
Drug_98,Drug_30,0
Drug_82,Drug_10,0
Drug_100,Drug_12,0
Drug_4,Drug_35,1
Drug_68,Drug_90,0
Drug_97,Drug_71,0
Drug_89,Drug_39,1
Drug_67,Drug_53,1
Drug_32,Drug_6,0
Drug_64,Drug_57,1
Drug_70,Drug_16,0
Drug_12,Drug_17,1
Drug_92,Drug_65,1
Drug_30,Drug_22,1
Drug_94,Drug_74,1
Drug_61,Drug_28,0
Drug_4,Drug_97,0
Drug_2,Drug_11,0
Drug_70,Drug_57,1
Drug_57,Drug_11,1
Drug_12,Drug_47,1
Drug_57,Drug_90,0
Drug_85,Drug_21,0
Drug_24,Drug_11,0
Drug_11,Drug_16,0
Drug_62,Drug_20,1
Drug_63,Drug_43,0
Drug_67,Drug_48,1
Drug_22,Drug_74,0
Drug_77,Drug_49,0
Drug_35,Drug_12,0
Drug_25,Drug_20,0
Drug_48,Drug_43,1
Drug_37,Drug_82,0
Drug_86,Drug_2,1
Drug_73,Drug_44,0
Drug_73,Drug_11,1
Drug_50,Drug_55,1
Drug_82,Drug_5,1
Drug_92,Drug_28,0
Drug_87,Drug_34,0
Drug_67,Drug_40,0
Drug_7,Drug_77,0
Drug_35,Drug_32,1
Drug_28,Drug_79,1
Drug_24,Drug_74,1
Drug_37,Drug_29,0
Drug_94,Drug_51,0
Drug_1,Drug_36,1
Drug_64,Drug_92,0
Drug_87,Drug_16,0
Drug_11,Drug_35,0
Drug_42,Drug_85,0
Drug_14,Drug_10,1
Drug_73,Drug_41,0
Drug_11,Drug_98,1
Drug_57,Drug_98,0
Drug_69,Drug_24,1
Drug_22,Drug_46,0
Drug_64,Drug_65,0
Drug_93,Drug_51,1
Drug_35,Drug_82,1
Drug_33,Drug_21,0
Drug_91,Drug_65,0
Drug_4,Drug_97,1
Drug_30,Drug_64,0
Drug_91,Drug_23,1
Drug_97,Drug_97,0
Drug_62,Drug_73,0
Drug_98,Drug_89,1
Drug_85,Drug_55,1
Drug_85,Drug_20,1
Drug_75,Drug_70,1
Drug_85,Drug_90,1
Drug_63,Drug_32,1
Drug_90,Drug_25,0
Drug_56,Drug_15,1
Drug_89,Drug_86,1
Drug_42,Drug_9,0
Drug_48,Drug_90,1
Drug_75,Drug_32,1
Drug_27,Drug_75,0
Drug_23,Drug_47,0
Drug_92,Drug_17,0
Drug_54,Drug_21,1
Drug_46,Drug_98,1
Drug_22,Drug_44,0
Drug_54,Drug_95,0
Drug_78,Drug_97,1
Drug_58,Drug_7,1
Drug_78,Drug_75,0
Drug_86,Drug_13,1
Drug_41,Drug_61,0
Drug_93,Drug_76,1
Drug_98,Drug_23,0
Drug_31,Drug_13,1
Drug_67,Drug_47,1
Drug_5,Drug_49,0
Drug_83,Drug_39,1
Drug_16,Drug_73,1
Drug_16,Drug_87,1
Drug_49,Drug_60,0
Drug_49,Drug_15,1
Drug_73,Drug_39,0
Drug_26,Drug_72,1
Drug_96,Drug_44,1
Drug_89,Drug_72,0
Drug_43,Drug_91,1
Drug_14,Drug_82,0
Drug_31,Drug_33,1
Drug_73,Drug_58,1
Drug_67,Drug_80,0
Drug_68,Drug_54,1
Drug_16,Drug_11,0
Drug_80,Drug_95,0
Drug_82,Drug_78,0
Drug_27,Drug_56,0
Drug_45,Drug_5,0
Drug_19,Drug_49,1
Drug_32,Drug_45,1
Drug_74,Drug_74,1
Drug_69,Drug_48,1
Drug_46,Drug_88,1
Drug_58,Drug_58,0
Drug_30,Drug_8,0
Drug_12,Drug_20,0
Drug_9,Drug_54,0
Drug_38,Drug_72,1
Drug_51,Drug_31,0
Drug_78,Drug_81,0
Drug_59,Drug_41,0
Drug_24,Drug_23,1
Drug_15,Drug_20,1
Drug_49,Drug_13,1
Drug_81,Drug_77,1
Drug_88,Drug_48,0
Drug_13,Drug_9,0
Drug_71,Drug_3,1
Drug_4,Drug_69,1
Drug_16,Drug_33,1
Drug_93,Drug_57,1
Drug_99,Drug_16,0
Drug_83,Drug_79,0
Drug_45,Drug_1,0
Drug_45,Drug_64,0
Drug_12,Drug_18,0
Drug_39,Drug_63,1
Drug_93,Drug_28,1
Drug_96,Drug_47,0
Drug_94,Drug_49,0
Drug_72,Drug_60,1
Drug_94,Drug_81,1
Drug_30,Drug_93,1
Drug_28,Drug_86,1
Drug_13,Drug_53,0
Drug_49,Drug_90,1
Drug_12,Drug_34,1
Drug_34,Drug_50,0
Drug_16,Drug_49,0
Drug_32,Drug_100,1
Drug_25,Drug_33,1
Drug_55,Drug_71,1
Drug_37,Drug_71,0
Drug_86,Drug_90,0
Drug_13,Drug_19,0
Drug_31,Drug_26,0
Drug_20,Drug_77,0
Drug_12,Drug_83,1
Drug_77,Drug_7,1
Drug_97,Drug_33,0
Drug_44,Drug_22,0
Drug_45,Drug_16,1
Drug_78,Drug_36,0
Drug_33,Drug_27,0
Drug_82,Drug_78,1
Drug_11,Drug_27,0
Drug_10,Drug_28,1
Drug_2,Drug_83,0
Drug_35,Drug_62,1
Drug_62,Drug_89,1
Drug_27,Drug_34,1
Drug_73,Drug_99,0
Drug_14,Drug_8,0
Drug_30,Drug_47,1
Drug_82,Drug_60,1
Drug_62,Drug_29,1
Drug_43,Drug_70,0
Drug_70,Drug_89,1
Drug_56,Drug_16,0
Drug_78,Drug_93,0
Drug_63,Drug_65,1
Drug_72,Drug_20,1
Drug_41,Drug_3,1
Drug_80,Drug_40,1
Drug_84,Drug_45,0
Drug_33,Drug_84,0
Drug_74,Drug_30,1
Drug_69,Drug_86,1
Drug_99,Drug_12,0
Drug_93,Drug_21,0
Drug_63,Drug_78,0
Drug_29,Drug_52,0
Drug_43,Drug_81,1
Drug_68,Drug_62,0
Drug_40,Drug_15,1
Drug_84,Drug_29,1
Drug_47,Drug_10,0
Drug_44,Drug_40,0
Drug_61,Drug_6,1
Drug_51,Drug_31,1
Drug_45,Drug_7,1
Drug_100,Drug_45,1
Drug_21,Drug_24,1
Drug_53,Drug_24,1
Drug_82,Drug_69,1
Drug_5,Drug_95,1
Drug_61,Drug_62,0
Drug_62,Drug_7,0
Drug_75,Drug_88,1
Drug_41,Drug_48,0
Drug_82,Drug_46,0
Drug_71,Drug_61,0
Drug_60,Drug_7,0
Drug_72,Drug_27,0
Drug_20,Drug_3,0
Drug_70,Drug_58,0
Drug_78,Drug_90,0
Drug_62,Drug_85,0
Drug_60,Drug_1,0
Drug_32,Drug_44,1
Drug_99,Drug_11,1
Drug_70,Drug_85,1
Drug_44,Drug_32,1
Drug_20,Drug_33,1
Drug_99,Drug_12,1
Drug_4,Drug_93,0
Drug_40,Drug_85,1
Drug_2,Drug_71,0
Drug_72,Drug_90,1
Drug_98,Drug_22,0
Drug_22,Drug_24,1
Drug_20,Drug_92,0
Drug_25,Drug_72,0
Drug_75,Drug_70,1
Drug_31,Drug_67,1
Drug_16,Drug_93,0
Drug_99,Drug_58,0
Drug_85,Drug_7,1
Drug_45,Drug_18,1
Drug_18,Drug_6,1
Drug_16,Drug_2,1
Drug_54,Drug_63,1
Drug_49,Drug_71,0
Drug_34,Drug_33,0
Drug_94,Drug_60,0
Drug_13,Drug_11,0
Drug_20,Drug_98,0
Drug_60,Drug_49,1
Drug_71,Drug_35,0
Drug_59,Drug_60,0
Drug_20,Drug_68,1
Drug_36,Drug_45,1
Drug_99,Drug_61,1
Drug_8,Drug_55,0
Drug_76,Drug_58,0
Drug_8,Drug_22,0
Drug_29,Drug_51,0
Drug_70,Drug_8,1
Drug_71,Drug_79,0
Drug_4,Drug_57,1
Drug_24,Drug_71,1
Drug_31,Drug_55,0
Drug_96,Drug_77,1
Drug_74,Drug_92,0
Drug_54,Drug_81,1
Drug_29,Drug_48,1
Drug_10,Drug_58,0
Drug_48,Drug_6,0
Drug_96,Drug_31,0
Drug_65,Drug_72,0
Drug_22,Drug_16,0
Drug_20,Drug_53,0
Drug_31,Drug_55,0
Drug_53,Drug_46,0
Drug_64,Drug_84,1
Drug_45,Drug_71,0
Drug_38,Drug_82,1
Drug_77,Drug_63,1
Drug_40,Drug_47,0
Drug_72,Drug_2,1
Drug_76,Drug_53,1
Drug_55,Drug_48,1
Drug_51,Drug_30,0
Drug_76,Drug_55,0
Drug_42,Drug_59,0
Drug_3,Drug_23,0
Drug_37,Drug_33,0
Drug_4,Drug_76,1
Drug_31,Drug_24,0
Drug_50,Drug_85,1
Drug_35,Drug_99,1
Drug_84,Drug_15,0
Drug_9,Drug_52,1
Drug_15,Drug_94,1
Drug_38,Drug_82,0
Drug_93,Drug_73,0
Drug_53,Drug_61,0
Drug_64,Drug_62,1
Drug_41,Drug_37,0
Drug_92,Drug_67,1
Drug_38,Drug_78,1
Drug_13,Drug_95,1
Drug_8,Drug_57,0
Drug_10,Drug_76,0
Drug_74,Drug_3,1
Drug_51,Drug_49,1
Drug_45,Drug_64,0
Drug_28,Drug_94,1
Drug_44,Drug_17,0
Drug_41,Drug_15,0
Drug_87,Drug_57,1
Drug_16,Drug_84,0
Drug_55,Drug_21,1
Drug_52,Drug_12,0
Drug_53,Drug_75,1
Drug_84,Drug_79,0
Drug_4,Drug_78,0
Drug_14,Drug_80,0
Drug_27,Drug_44,0
Drug_43,Drug_27,0
Drug_34,Drug_77,0
Drug_39,Drug_6,1
Drug_27,Drug_68,0
Drug_81,Drug_88,1
Drug_20,Drug_29,1
Drug_14,Drug_41,1
Drug_41,Drug_4,1
Drug_53,Drug_9,1
Drug_3,Drug_37,0
Drug_99,Drug_72,0
Drug_53,Drug_21,1
Drug_12,Drug_68,1
Drug_1,Drug_100,0
Drug_51,Drug_6,0
Drug_100,Drug_71,0
Drug_51,Drug_80,1
Drug_53,Drug_75,0
Drug_46,Drug_36,1
Drug_51,Drug_22,1
Drug_65,Drug_96,0
Drug_47,Drug_44,0
Drug_71,Drug_49,1
Drug_36,Drug_48,0
Drug_33,Drug_51,1
Drug_14,Drug_45,1
Drug_33,Drug_16,1
Drug_48,Drug_69,0
Drug_55,Drug_30,1
Drug_34,Drug_97,1
Drug_51,Drug_98,0
Drug_68,Drug_65,0
Drug_53,Drug_69,0
Drug_53,Drug_54,0
Drug_63,Drug_43,1
Drug_34,Drug_3,0
Drug_100,Drug_9,1
Drug_92,Drug_83,0
Drug_89,Drug_36,0
Drug_26,Drug_63,1
Drug_90,Drug_78,1
Drug_28,Drug_85,0
Drug_87,Drug_39,1
Drug_70,Drug_1,0
Drug_67,Drug_76,1
Drug_67,Drug_18,1
Drug_47,Drug_75,0
Drug_53,Drug_98,0
Drug_68,Drug_68,1
Drug_15,Drug_4,0
Drug_4,Drug_95,1
Drug_83,Drug_76,1
Drug_28,Drug_88,0
Drug_38,Drug_3,0
Drug_31,Drug_31,0
Drug_77,Drug_34,1
Drug_67,Drug_96,0
Drug_85,Drug_5,0
Drug_82,Drug_2,0
Drug_30,Drug_17,1
Drug_99,Drug_14,0
Drug_59,Drug_71,1
Drug_47,Drug_56,1
Drug_2,Drug_63,0
Drug_78,Drug_68,1
Drug_47,Drug_47,1
Drug_8,Drug_69,0
Drug_1,Drug_42,0
Drug_18,Drug_30,0
Drug_98,Drug_68,0
Drug_80,Drug_94,1
Drug_16,Drug_80,0
Drug_55,Drug_75,0
Drug_51,Drug_100,0
Drug_69,Drug_50,1
Drug_5,Drug_18,1
Drug_87,Drug_67,1
Drug_45,Drug_85,1
Drug_18,Drug_80,1
Drug_43,Drug_98,1
Drug_97,Drug_11,1
Drug_99,Drug_100,1
Drug_17,Drug_44,1
Drug_7,Drug_75,1
Drug_99,Drug_90,1
Drug_81,Drug_76,0
Drug_7,Drug_3,0
Drug_30,Drug_72,1
Drug_48,Drug_18,1
Drug_39,Drug_64,1
Drug_13,Drug_53,0
Drug_59,Drug_1,1
Drug_24,Drug_71,1
Drug_80,Drug_98,1
Drug_58,Drug_21,0
Drug_28,Drug_15,0
Drug_43,Drug_24,1
Drug_32,Drug_44,1
Drug_29,Drug_84,0
Drug_41,Drug_77,0
Drug_55,Drug_37,1
Drug_2,Drug_93,1
Drug_46,Drug_11,0
Drug_15,Drug_45,0
Drug_34,Drug_56,0
Drug_44,Drug_78,0
Drug_59,Drug_2,0
Drug_76,Drug_28,1
Drug_70,Drug_2,1
Drug_88,Drug_45,1
Drug_70,Drug_37,0
Drug_9,Drug_13,1
Drug_91,Drug_74,1
Drug_81,Drug_26,0
Drug_9,Drug_20,0
Drug_77,Drug_11,0
Drug_61,Drug_21,1
Drug_37,Drug_98,1
Drug_98,Drug_6,0
Drug_1,Drug_34,0
Drug_93,Drug_29,0
Drug_7,Drug_31,1
Drug_90,Drug_78,0
Drug_83,Drug_82,1
Drug_52,Drug_45,0
Drug_19,Drug_39,1
Drug_25,Drug_42,0
Drug_83,Drug_39,0
Drug_37,Drug_32,1
Drug_24,Drug_20,0
Drug_87,Drug_81,0
Drug_7,Drug_56,0
Drug_90,Drug_85,1
Drug_21,Drug_28,0
Drug_23,Drug_76,0
Drug_8,Drug_13,1
Drug_59,Drug_87,0
Drug_9,Drug_38,0
Drug_45,Drug_87,0
Drug_46,Drug_40,1
Drug_98,Drug_48,1
Drug_96,Drug_47,1
Drug_38,Drug_77,1
Drug_81,Drug_29,1
Drug_12,Drug_61,1
Drug_31,Drug_53,0
Drug_72,Drug_89,1
Drug_89,Drug_60,0
Drug_66,Drug_42,0
Drug_22,Drug_47,1
Drug_52,Drug_93,0
Drug_37,Drug_60,1
Drug_69,Drug_84,0
Drug_23,Drug_63,0
Drug_21,Drug_17,1
Drug_69,Drug_8,1
Drug_60,Drug_79,1
Drug_39,Drug_42,1
Drug_47,Drug_81,1
Drug_62,Drug_41,0
Drug_33,Drug_10,1
Drug_90,Drug_91,1
Drug_82,Drug_17,0
Drug_61,Drug_66,1
Drug_66,Drug_33,1
Drug_47,Drug_91,1
Drug_60,Drug_49,1
Drug_26,Drug_23,1
Drug_51,Drug_43,0
Drug_100,Drug_28,1
Drug_62,Drug_34,0
Drug_74,Drug_4,0
Drug_78,Drug_82,1
Drug_58,Drug_63,0
Drug_99,Drug_28,1
Drug_31,Drug_81,0
Drug_11,Drug_33,1
Drug_37,Drug_16,0
Drug_45,Drug_19,0
Drug_12,Drug_70,1
Drug_73,Drug_95,0
Drug_84,Drug_99,1
Drug_31,Drug_54,0
Drug_94,Drug_14,1
Drug_37,Drug_47,1
Drug_16,Drug_3,1
Drug_74,Drug_53,0
Drug_61,Drug_2,0
Drug_3,Drug_90,0
Drug_27,Drug_54,0
Drug_17,Drug_17,1
Drug_94,Drug_31,0
Drug_53,Drug_40,0
Drug_25,Drug_73,1
Drug_5,Drug_90,1
Drug_17,Drug_57,0
Drug_16,Drug_51,0
Drug_58,Drug_49,0
Drug_41,Drug_14,1
Drug_12,Drug_33,0
Drug_27,Drug_52,0
Drug_26,Drug_9,1
Drug_16,Drug_100,1
Drug_86,Drug_77,1
Drug_31,Drug_58,1
Drug_76,Drug_22,0
Drug_90,Drug_8,1
Drug_57,Drug_9,0
Drug_24,Drug_14,0
Drug_91,Drug_14,1
Drug_24,Drug_96,0
Drug_87,Drug_59,0
Drug_75,Drug_63,1
Drug_36,Drug_71,1
Drug_13,Drug_88,1
Drug_76,Drug_69,1
Drug_60,Drug_5,1
Drug_41,Drug_99,0
Drug_35,Drug_24,0
Drug_3,Drug_82,1
Drug_73,Drug_47,0
Drug_43,Drug_81,0
Drug_81,Drug_77,0
Drug_98,Drug_66,1
Drug_9,Drug_49,1
Drug_28,Drug_89,1
Drug_3,Drug_22,1
Drug_47,Drug_24,1
Drug_86,Drug_15,0
Drug_32,Drug_26,1
Drug_92,Drug_6,1
Drug_74,Drug_58,0
Drug_10,Drug_13,0
Drug_32,Drug_65,0
Drug_72,Drug_1,0
Drug_22,Drug_13,1
Drug_19,Drug_12,1
Drug_61,Drug_52,0
Drug_64,Drug_88,0
Drug_69,Drug_55,0
Drug_33,Drug_74,1
Drug_61,Drug_6,0
Drug_74,Drug_29,1
Drug_45,Drug_52,1
Drug_69,Drug_19,1
Drug_73,Drug_54,1
Drug_75,Drug_53,1
Drug_20,Drug_22,0
Drug_46,Drug_16,1
Drug_11,Drug_53,1
Drug_95,Drug_26,1
Drug_66,Drug_66,0
Drug_59,Drug_82,1
Drug_68,Drug_44,1
Drug_21,Drug_26,1
Drug_56,Drug_23,0
Drug_25,Drug_72,1
Drug_33,Drug_86,0
Drug_13,Drug_55,1
Drug_9,Drug_16,0
Drug_74,Drug_100,1
Drug_16,Drug_95,0
Drug_44,Drug_22,0
Drug_34,Drug_3,0
Drug_75,Drug_9,0
Drug_87,Drug_2,0
Drug_72,Drug_40,0
Drug_60,Drug_41,1
Drug_18,Drug_62,0
Drug_97,Drug_14,1
Drug_100,Drug_33,1
Drug_95,Drug_81,1
Drug_100,Drug_72,1
Drug_96,Drug_24,1
Drug_64,Drug_29,1
Drug_8,Drug_9,1
Drug_97,Drug_14,0
Drug_88,Drug_30,0
Drug_79,Drug_69,1
Drug_83,Drug_65,1
Drug_10,Drug_31,0
Drug_13,Drug_19,0
Drug_58,Drug_86,0
Drug_1,Drug_21,0
Drug_18,Drug_70,0
Drug_20,Drug_91,1
Drug_8,Drug_61,0
Drug_47,Drug_21,0
Drug_49,Drug_49,0
Drug_80,Drug_2,1
Drug_100,Drug_15,0
Drug_93,Drug_57,0
Drug_3,Drug_74,1
Drug_58,Drug_51,1
Drug_66,Drug_98,0
Drug_14,Drug_50,1
Drug_19,Drug_39,1
Drug_36,Drug_61,0
Drug_57,Drug_92,0
Drug_79,Drug_56,0
Drug_29,Drug_47,0
Drug_64,Drug_92,1
Drug_38,Drug_77,0
Drug_61,Drug_64,1
Drug_59,Drug_32,0
Drug_45,Drug_60,1
Drug_95,Drug_89,0
Drug_90,Drug_48,1
Drug_24,Drug_10,0
Drug_33,Drug_83,0
Drug_32,Drug_88,0
Drug_79,Drug_34,0
Drug_36,Drug_23,1
Drug_52,Drug_68,0
Drug_96,Drug_85,1
Drug_44,Drug_82,0
Drug_84,Drug_41,0
Drug_3,Drug_60,1
Drug_13,Drug_77,0
Drug_69,Drug_70,1
Drug_81,Drug_88,1
Drug_14,Drug_58,1
Drug_27,Drug_81,1
Drug_48,Drug_72,0
Drug_33,Drug_8,1
Drug_97,Drug_49,1
Drug_65,Drug_6,0
Drug_25,Drug_70,0
Drug_24,Drug_24,0
Drug_10,Drug_57,0
Drug_41,Drug_93,1
Drug_9,Drug_43,0
Drug_25,Drug_99,0
Drug_21,Drug_44,1
Drug_44,Drug_5,1
Drug_86,Drug_64,1
Drug_50,Drug_53,1
Drug_99,Drug_30,1
Drug_21,Drug_94,1
Drug_90,Drug_7,0
Drug_13,Drug_39,1
Drug_39,Drug_20,0
Drug_1,Drug_98,0
Drug_84,Drug_13,0
Drug_76,Drug_13,1
Drug_92,Drug_78,0
Drug_72,Drug_41,1
Drug_66,Drug_2,0
Drug_62,Drug_9,0
Drug_98,Drug_38,1
Drug_72,Drug_26,0
Drug_1,Drug_98,1
Drug_36,Drug_79,0
Drug_61,Drug_25,0
Drug_28,Drug_41,1
Drug_73,Drug_85,0
Drug_45,Drug_9,0
Drug_46,Drug_69,1
Drug_72,Drug_75,0
Drug_32,Drug_2,1
Drug_39,Drug_86,1
Drug_82,Drug_48,0
Drug_74,Drug_9,0
Drug_79,Drug_57,1
Drug_30,Drug_42,1
Drug_59,Drug_8,1
Drug_17,Drug_99,0
Drug_28,Drug_31,1
Drug_43,Drug_61,0
Drug_10,Drug_20,0
Drug_3,Drug_95,0
Drug_7,Drug_60,0
Drug_76,Drug_20,0
Drug_87,Drug_26,1
Drug_22,Drug_87,1
Drug_53,Drug_96,0
Drug_14,Drug_65,0
Drug_73,Drug_60,0
Drug_29,Drug_82,0
Drug_10,Drug_52,0
Drug_96,Drug_6,1
Drug_59,Drug_39,0
Drug_80,Drug_41,1
Drug_70,Drug_93,0
Drug_60,Drug_19,0
Drug_100,Drug_36,1
Drug_81,Drug_39,0
Drug_94,Drug_42,1
Drug_79,Drug_32,0
Drug_64,Drug_98,1
Drug_10,Drug_31,1
Drug_43,Drug_7,0
Drug_13,Drug_22,0
Drug_84,Drug_16,1
Drug_60,Drug_98,0
Drug_47,Drug_53,1
Drug_84,Drug_42,0
Drug_65,Drug_12,1
Drug_8,Drug_77,1
Drug_10,Drug_48,1
Drug_32,Drug_56,1
Drug_92,Drug_53,1
Drug_62,Drug_25,0
Drug_64,Drug_62,0
Drug_39,Drug_87,1
Drug_82,Drug_52,1
Drug_31,Drug_89,1
Drug_76,Drug_47,1
Drug_91,Drug_70,0
Drug_88,Drug_97,1
Drug_42,Drug_47,1
Drug_94,Drug_25,1
Drug_76,Drug_59,1
Drug_79,Drug_37,0
Drug_82,Drug_31,1
Drug_21,Drug_13,0
Drug_6,Drug_8,0
Drug_80,Drug_22,0
Drug_85,Drug_100,0
Drug_51,Drug_70,0
Drug_94,Drug_73,1
Drug_25,Drug_54,0
Drug_72,Drug_54,1
Drug_88,Drug_26,1
Drug_29,Drug_5,1
Drug_73,Drug_82,0
Drug_49,Drug_45,1
Drug_49,Drug_85,0
Drug_26,Drug_41,1
Drug_26,Drug_48,0
Drug_16,Drug_32,1
Drug_8,Drug_33,0
Drug_13,Drug_24,0
Drug_21,Drug_21,1
Drug_16,Drug_40,1
Drug_98,Drug_96,0
Drug_4,Drug_68,0
Drug_16,Drug_63,0
Drug_4,Drug_53,0
Drug_15,Drug_100,0
Drug_24,Drug_87,1
Drug_55,Drug_5,1
Drug_85,Drug_29,0
Drug_37,Drug_54,0
Drug_23,Drug_26,1
Drug_24,Drug_66,0
Drug_39,Drug_26,1
Drug_24,Drug_15,1
Drug_41,Drug_91,0
Drug_44,Drug_71,0
Drug_9,Drug_92,1
Drug_51,Drug_85,0
Drug_78,Drug_48,1
Drug_16,Drug_11,0
Drug_70,Drug_67,1
Drug_3,Drug_35,0
Drug_99,Drug_97,0
Drug_49,Drug_62,0
Drug_72,Drug_12,0
Drug_93,Drug_44,1
Drug_97,Drug_59,1
Drug_94,Drug_64,1
Drug_63,Drug_88,0
Drug_97,Drug_77,1
Drug_69,Drug_94,1
Drug_36,Drug_40,0
Drug_17,Drug_41,1
Drug_14,Drug_11,0
Drug_73,Drug_51,0
Drug_19,Drug_24,1
Drug_74,Drug_94,1
Drug_100,Drug_62,1
Drug_32,Drug_48,0
Drug_53,Drug_34,1
Drug_12,Drug_26,1
Drug_57,Drug_62,0
Drug_93,Drug_46,1
Drug_6,Drug_58,1
Drug_54,Drug_84,0
Drug_47,Drug_51,0
Drug_98,Drug_5,1
Drug_17,Drug_61,1
Drug_91,Drug_55,0
Drug_10,Drug_29,1
Drug_33,Drug_79,1
Drug_52,Drug_79,1
Drug_48,Drug_28,1
Drug_90,Drug_25,1
Drug_1,Drug_57,1
Drug_6,Drug_38,1
Drug_96,Drug_17,1
Drug_42,Drug_38,0
Drug_74,Drug_73,1
Drug_100,Drug_40,1
Drug_67,Drug_30,0
Drug_85,Drug_64,1
Drug_59,Drug_72,0
Drug_26,Drug_79,0
Drug_81,Drug_85,0
Drug_93,Drug_85,1
Drug_54,Drug_95,1
Drug_78,Drug_1,0
Drug_19,Drug_60,0
Drug_41,Drug_23,1
Drug_60,Drug_66,1
Drug_99,Drug_48,0
Drug_31,Drug_63,1
Drug_53,Drug_76,0
Drug_37,Drug_47,1
Drug_62,Drug_99,0
Drug_20,Drug_53,0
Drug_7,Drug_60,0
Drug_62,Drug_48,1
Drug_96,Drug_28,0
Drug_15,Drug_72,1
Drug_80,Drug_70,0
Drug_88,Drug_3,1
Drug_56,Drug_44,1
Drug_44,Drug_89,0
Drug_25,Drug_59,1
Drug_90,Drug_9,0
Drug_90,Drug_14,1
Drug_77,Drug_7,0
Drug_92,Drug_8,0
Drug_74,Drug_10,0
Drug_50,Drug_38,0
Drug_59,Drug_60,1
Drug_33,Drug_58,0
Drug_57,Drug_5,0
Drug_97,Drug_76,0
Drug_84,Drug_57,0
Drug_82,Drug_49,0
Drug_28,Drug_26,0
Drug_39,Drug_84,1
Drug_76,Drug_89,0
Drug_57,Drug_13,0
Drug_48,Drug_63,0
Drug_79,Drug_96,0
Drug_46,Drug_68,0
Drug_17,Drug_50,0
Drug_81,Drug_80,0
Drug_91,Drug_77,0
Drug_20,Drug_36,0
Drug_43,Drug_67,1
Drug_7,Drug_86,1
Drug_78,Drug_18,1
Drug_58,Drug_84,1
Drug_70,Drug_55,0
Drug_74,Drug_46,1
Drug_65,Drug_4,1
Drug_40,Drug_3,1
Drug_19,Drug_27,0
Drug_81,Drug_52,1
Drug_99,Drug_39,1
Drug_50,Drug_96,0
Drug_1,Drug_36,1
Drug_49,Drug_63,1
Drug_69,Drug_21,1
Drug_25,Drug_56,0
Drug_49,Drug_30,1
Drug_85,Drug_11,1
Drug_34,Drug_74,0
Drug_24,Drug_85,0
Drug_16,Drug_39,0
Drug_33,Drug_88,1
Drug_11,Drug_22,1
Drug_100,Drug_79,0
Drug_81,Drug_58,0
Drug_94,Drug_24,0
Drug_41,Drug_13,0
Drug_26,Drug_23,0
Drug_55,Drug_61,0
Drug_33,Drug_60,1
Drug_24,Drug_63,1
Drug_7,Drug_39,0
Drug_63,Drug_90,0
Drug_25,Drug_77,0
Drug_51,Drug_59,0
Drug_95,Drug_56,1
Drug_43,Drug_27,0
Drug_48,Drug_4,1
Drug_99,Drug_60,1
Drug_84,Drug_75,1
Drug_54,Drug_24,1
Drug_68,Drug_44,0
Drug_74,Drug_69,1
Drug_42,Drug_86,1
Drug_65,Drug_90,1
Drug_81,Drug_5,1
Drug_18,Drug_6,1
Drug_89,Drug_4,1
Drug_10,Drug_81,0
Drug_34,Drug_2,1
Drug_43,Drug_72,1
Drug_56,Drug_36,1
Drug_91,Drug_54,0
Drug_90,Drug_57,1
Drug_66,Drug_17,0
Drug_67,Drug_53,0
Drug_3,Drug_17,1
Drug_71,Drug_36,0
Drug_59,Drug_74,0
Drug_4,Drug_35,0
Drug_90,Drug_54,0
Drug_2,Drug_82,0
Drug_78,Drug_21,0
Drug_64,Drug_32,1
Drug_56,Drug_38,1
Drug_4,Drug_42,0
Drug_90,Drug_10,0
Drug_69,Drug_54,0
Drug_29,Drug_5,1
Drug_18,Drug_17,1
Drug_46,Drug_13,1
Drug_88,Drug_4,0
Drug_78,Drug_78,0
Drug_59,Drug_12,0
Drug_38,Drug_57,1
Drug_47,Drug_37,1
Drug_60,Drug_13,1
Drug_37,Drug_43,1
Drug_60,Drug_29,1
Drug_76,Drug_17,0
Drug_75,Drug_29,0
Drug_92,Drug_58,0
Drug_31,Drug_55,1
Drug_43,Drug_13,1
Drug_74,Drug_29,1
Drug_73,Drug_94,1
Drug_30,Drug_21,0
Drug_38,Drug_3,0
Drug_28,Drug_59,1
Drug_97,Drug_64,0
Drug_100,Drug_5,0
Drug_55,Drug_42,0
Drug_89,Drug_4,0
Drug_65,Drug_67,1
Drug_4,Drug_13,1
Drug_14,Drug_2,0
Drug_42,Drug_46,1
Drug_35,Drug_17,0
Drug_62,Drug_79,0
Drug_29,Drug_4,1
Drug_100,Drug_1,1
Drug_44,Drug_2,1
Drug_23,Drug_19,0
Drug_63,Drug_78,0
Drug_79,Drug_52,1
Drug_57,Drug_33,1
Drug_12,Drug_13,0
Drug_87,Drug_35,1
Drug_100,Drug_71,0
Drug_53,Drug_97,0
Drug_85,Drug_88,1
Drug_18,Drug_6,1
Drug_38,Drug_98,1
Drug_35,Drug_41,0
Drug_68,Drug_58,1
Drug_59,Drug_94,0
Drug_29,Drug_35,0
Drug_33,Drug_92,0
Drug_89,Drug_76,1
Drug_85,Drug_22,0
Drug_26,Drug_83,1
Drug_40,Drug_74,0
Drug_43,Drug_53,1
Drug_21,Drug_50,1
Drug_92,Drug_39,0
Drug_87,Drug_94,1
Drug_89,Drug_47,0
Drug_54,Drug_43,1
Drug_18,Drug_91,1
Drug_97,Drug_7,1
Drug_71,Drug_49,1
Drug_25,Drug_35,0
Drug_20,Drug_47,1
Drug_20,Drug_27,1
Drug_83,Drug_95,1
Drug_88,Drug_48,0
Drug_70,Drug_100,1
Drug_53,Drug_48,1
Drug_4,Drug_28,0
Drug_69,Drug_100,0
Drug_8,Drug_25,0
Drug_76,Drug_46,0
Drug_58,Drug_46,0
Drug_19,Drug_39,1
Drug_85,Drug_29,1
Drug_76,Drug_64,0
Drug_7,Drug_7,0
Drug_88,Drug_32,0
Drug_21,Drug_96,1
Drug_23,Drug_76,0
Drug_23,Drug_14,0
Drug_99,Drug_37,0
Drug_18,Drug_27,0
Drug_22,Drug_60,0
Drug_69,Drug_86,1
Drug_62,Drug_18,1
Drug_3,Drug_23,1
Drug_25,Drug_36,0
Drug_23,Drug_67,0
Drug_36,Drug_46,1
Drug_74,Drug_51,1
Drug_18,Drug_23,0
Drug_59,Drug_30,0
Drug_7,Drug_29,1
Drug_37,Drug_71,1
Drug_41,Drug_14,1
Drug_29,Drug_32,1
Drug_79,Drug_21,0
Drug_54,Drug_28,0
Drug_89,Drug_80,0
Drug_74,Drug_86,1
Drug_64,Drug_40,1
Drug_49,Drug_72,1
Drug_70,Drug_98,0
Drug_91,Drug_35,0
Drug_72,Drug_20,1
Drug_58,Drug_29,0
Drug_27,Drug_30,1
Drug_54,Drug_33,1
Drug_95,Drug_97,1
Drug_72,Drug_44,1
Drug_13,Drug_84,0
Drug_41,Drug_53,0
Drug_34,Drug_15,0
Drug_76,Drug_42,0
Drug_38,Drug_73,0
Drug_3,Drug_53,1
Drug_39,Drug_67,0
Drug_50,Drug_96,0
Drug_52,Drug_94,0
Drug_6,Drug_74,0
Drug_90,Drug_73,1
Drug_26,Drug_35,0
Drug_78,Drug_71,0
Drug_5,Drug_62,0
Drug_29,Drug_53,1
Drug_28,Drug_13,1
Drug_23,Drug_96,1
Drug_98,Drug_50,1
Drug_86,Drug_31,1
Drug_9,Drug_13,1
Drug_85,Drug_17,1
Drug_73,Drug_85,1
Drug_79,Drug_75,0
Drug_41,Drug_42,1
Drug_77,Drug_54,0
Drug_39,Drug_55,1
Drug_28,Drug_15,0
Drug_18,Drug_71,0
Drug_92,Drug_83,0
Drug_57,Drug_17,1
Drug_87,Drug_43,1
Drug_78,Drug_29,1
Drug_13,Drug_50,1
Drug_75,Drug_74,1
Drug_16,Drug_21,0
Drug_78,Drug_16,1
Drug_10,Drug_77,1
Drug_24,Drug_18,1
Drug_4,Drug_45,1
Drug_49,Drug_28,0
Drug_12,Drug_32,1
Drug_46,Drug_12,0
Drug_33,Drug_54,1
Drug_89,Drug_61,0
Drug_39,Drug_96,1
Drug_13,Drug_7,0
Drug_97,Drug_54,0
Drug_64,Drug_49,0
Drug_67,Drug_12,1
Drug_97,Drug_59,0
Drug_22,Drug_86,1
Drug_61,Drug_10,0
Drug_4,Drug_34,0
Drug_74,Drug_29,1
Drug_60,Drug_9,0
Drug_77,Drug_75,0
Drug_80,Drug_23,1
Drug_92,Drug_69,1
Drug_86,Drug_83,1
Drug_33,Drug_6,0
Drug_12,Drug_43,1
Drug_79,Drug_74,1
Drug_76,Drug_5,1
Drug_76,Drug_65,0
Drug_22,Drug_58,0
Drug_35,Drug_54,1
Drug_39,Drug_86,0
Drug_77,Drug_38,1
Drug_76,Drug_47,0
Drug_94,Drug_39,0
Drug_92,Drug_1,1
Drug_2,Drug_90,0
Drug_44,Drug_49,1
Drug_70,Drug_31,0
Drug_73,Drug_58,1
Drug_22,Drug_4,1
Drug_84,Drug_4,1
Drug_18,Drug_91,0
Drug_93,Drug_97,1
Drug_74,Drug_84,0
Drug_69,Drug_66,1
Drug_64,Drug_6,0
Drug_72,Drug_77,0
Drug_32,Drug_81,1
Drug_83,Drug_2,1
Drug_98,Drug_24,0
Drug_52,Drug_15,0
Drug_32,Drug_81,0
Drug_86,Drug_25,1
Drug_39,Drug_36,0
Drug_69,Drug_79,0
Drug_48,Drug_77,0
Drug_39,Drug_44,0
Drug_25,Drug_46,0
Drug_65,Drug_21,1
Drug_94,Drug_97,1
Drug_67,Drug_33,1
Drug_41,Drug_16,0
Drug_33,Drug_87,1
Drug_84,Drug_30,0
Drug_74,Drug_42,1
Drug_16,Drug_95,0
Drug_40,Drug_52,1
Drug_98,Drug_54,0
Drug_8,Drug_91,1
Drug_17,Drug_4,0
Drug_57,Drug_23,1
Drug_9,Drug_24,0
Drug_80,Drug_7,1
Drug_11,Drug_51,1
Drug_21,Drug_71,1
Drug_41,Drug_96,0
Drug_79,Drug_2,1
Drug_62,Drug_84,0
Drug_93,Drug_9,1
Drug_5,Drug_86,0
Drug_2,Drug_18,0
Drug_85,Drug_25,0
Drug_2,Drug_41,1
Drug_11,Drug_53,0
Drug_27,Drug_18,0
Drug_100,Drug_20,1
Drug_85,Drug_4,1
Drug_76,Drug_65,1
Drug_20,Drug_48,0
Drug_61,Drug_72,0
Drug_9,Drug_53,1
Drug_76,Drug_19,0
Drug_9,Drug_90,0
Drug_16,Drug_79,0
Drug_20,Drug_66,0
Drug_57,Drug_32,1
Drug_83,Drug_34,0
Drug_33,Drug_13,1
Drug_51,Drug_64,0
Drug_15,Drug_3,0
Drug_46,Drug_52,0
Drug_71,Drug_96,1
Drug_65,Drug_70,0
Drug_32,Drug_36,0
Drug_78,Drug_26,1
Drug_5,Drug_4,1
Drug_16,Drug_37,1
Drug_13,Drug_63,1
Drug_45,Drug_5,0
Drug_82,Drug_79,1
Drug_45,Drug_98,0
Drug_98,Drug_2,1
Drug_77,Drug_81,0
Drug_39,Drug_22,1
Drug_70,Drug_64,0
Drug_94,Drug_71,0
Drug_88,Drug_97,1
Drug_9,Drug_20,1
Drug_53,Drug_47,0
Drug_44,Drug_78,0
Drug_14,Drug_77,0
Drug_1,Drug_23,1
Drug_61,Drug_25,0
Drug_70,Drug_21,0
Drug_70,Drug_4,1
Drug_85,Drug_86,1
Drug_92,Drug_70,0
Drug_71,Drug_84,0
Drug_76,Drug_72,1
Drug_97,Drug_11,1
Drug_15,Drug_20,0
Drug_6,Drug_2,1
Drug_79,Drug_99,1
Drug_91,Drug_72,1
Drug_32,Drug_1,0
Drug_63,Drug_46,1
Drug_6,Drug_41,0
Drug_93,Drug_54,1
Drug_7,Drug_92,0
Drug_85,Drug_24,1
Drug_19,Drug_57,1
Drug_37,Drug_17,1
Drug_51,Drug_39,0
Drug_64,Drug_63,0
Drug_23,Drug_19,1
Drug_2,Drug_66,1
Drug_25,Drug_86,1
Drug_75,Drug_22,0
Drug_81,Drug_38,0
Drug_23,Drug_60,1
Drug_16,Drug_49,0
Drug_40,Drug_50,1
Drug_92,Drug_91,1
Drug_14,Drug_67,1
Drug_67,Drug_95,0
Drug_88,Drug_22,0
Drug_58,Drug_57,1
Drug_44,Drug_2,1
Drug_85,Drug_69,1
Drug_77,Drug_94,1
Drug_19,Drug_43,0
Drug_33,Drug_60,1
Drug_77,Drug_9,0
Drug_44,Drug_48,0
Drug_31,Drug_47,0
Drug_68,Drug_37,0
Drug_87,Drug_88,0
Drug_91,Drug_16,0
Drug_70,Drug_9,1
Drug_54,Drug_7,0
Drug_51,Drug_7,0
Drug_68,Drug_75,0
Drug_39,Drug_11,0
Drug_81,Drug_76,1
Drug_11,Drug_34,0
Drug_77,Drug_46,1
Drug_97,Drug_87,0
Drug_39,Drug_48,0
Drug_20,Drug_33,1
Drug_1,Drug_70,1
Drug_25,Drug_38,0
Drug_9,Drug_77,0
Drug_73,Drug_94,0
Drug_62,Drug_48,1
Drug_18,Drug_35,0
Drug_27,Drug_36,1
Drug_36,Drug_56,0
Drug_81,Drug_48,0
Drug_67,Drug_100,1
Drug_36,Drug_32,0
Drug_86,Drug_35,1
Drug_85,Drug_37,0
Drug_44,Drug_97,1
Drug_91,Drug_27,1
Drug_44,Drug_12,1
Drug_27,Drug_93,0
Drug_43,Drug_20,1
Drug_5,Drug_87,1
Drug_64,Drug_42,0
Drug_6,Drug_60,0
Drug_52,Drug_65,0
Drug_46,Drug_65,1
Drug_65,Drug_26,0
Drug_88,Drug_68,1
Drug_75,Drug_85,1
Drug_62,Drug_12,1
Drug_32,Drug_82,0
Drug_96,Drug_4,0
Drug_88,Drug_2,1
Drug_21,Drug_27,0
Drug_19,Drug_100,0
Drug_1,Drug_17,1
Drug_88,Drug_87,1
Drug_73,Drug_78,1
Drug_84,Drug_17,1
Drug_71,Drug_13,0
Drug_100,Drug_73,1
Drug_42,Drug_50,1
Drug_5,Drug_73,1
Drug_95,Drug_73,1
Drug_25,Drug_12,1
Drug_17,Drug_58,0
Drug_74,Drug_24,0
Drug_65,Drug_9,1
Drug_83,Drug_33,0
Drug_81,Drug_74,1
Drug_33,Drug_62,1
Drug_90,Drug_52,0
Drug_54,Drug_51,0
Drug_8,Drug_91,1
Drug_86,Drug_48,1
Drug_92,Drug_31,0
Drug_92,Drug_62,1
Drug_64,Drug_74,1
Drug_30,Drug_76,0
Drug_12,Drug_20,0
Drug_48,Drug_50,1
Drug_59,Drug_33,1
Drug_84,Drug_100,1
Drug_32,Drug_69,1
Drug_36,Drug_83,0
Drug_22,Drug_23,1
Drug_13,Drug_63,1
Drug_29,Drug_67,1
Drug_60,Drug_15,0
Drug_24,Drug_94,1
Drug_87,Drug_13,1
Drug_81,Drug_82,1
Drug_51,Drug_86,0
Drug_65,Drug_53,0
Drug_23,Drug_57,1
Drug_39,Drug_77,0
Drug_84,Drug_95,1
Drug_31,Drug_59,1
Drug_64,Drug_9,0
Drug_22,Drug_18,1
Drug_82,Drug_3,0
Drug_61,Drug_81,1
Drug_37,Drug_64,0
Drug_38,Drug_59,0
Drug_19,Drug_73,0
Drug_56,Drug_31,1
Drug_95,Drug_21,0
Drug_100,Drug_21,1
Drug_82,Drug_62,1
Drug_97,Drug_86,1
Drug_69,Drug_89,0
Drug_3,Drug_2,1
Drug_49,Drug_94,1
Drug_74,Drug_78,1
Drug_53,Drug_23,1
Drug_4,Drug_65,1
Drug_74,Drug_64,1
Drug_98,Drug_13,1
Drug_91,Drug_61,0
Drug_60,Drug_68,1
Drug_58,Drug_14,0
Drug_10,Drug_78,0
Drug_82,Drug_92,0
Drug_6,Drug_17,1
Drug_57,Drug_92,1
Drug_5,Drug_69,1
Drug_54,Drug_48,0
Drug_6,Drug_77,1
Drug_90,Drug_99,0
Drug_57,Drug_60,1
Drug_5,Drug_3,0
Drug_91,Drug_47,1
Drug_3,Drug_75,1
Drug_34,Drug_1,1
Drug_23,Drug_8,0
Drug_87,Drug_35,1
Drug_85,Drug_83,0
Drug_53,Drug_77,1
Drug_3,Drug_77,1
Drug_15,Drug_84,0
Drug_95,Drug_65,1
Drug_84,Drug_27,0
Drug_3,Drug_97,0
Drug_84,Drug_48,0
Drug_49,Drug_92,1
Drug_25,Drug_73,1
Drug_42,Drug_84,0
Drug_45,Drug_19,0
Drug_2,Drug_77,1
Drug_80,Drug_60,1
Drug_90,Drug_39,1
Drug_2,Drug_100,0
Drug_79,Drug_2,0
Drug_100,Drug_80,0
Drug_100,Drug_46,0
Drug_31,Drug_36,1
Drug_16,Drug_74,1
Drug_21,Drug_18,1
Drug_8,Drug_91,1
Drug_82,Drug_37,1
Drug_7,Drug_95,1
Drug_28,Drug_5,1
Drug_90,Drug_47,1
Drug_9,Drug_57,0
Drug_14,Drug_22,1
Drug_58,Drug_8,0
Drug_88,Drug_95,1
Drug_85,Drug_29,0
Drug_52,Drug_8,1
Drug_30,Drug_19,0
Drug_75,Drug_16,1
Drug_35,Drug_43,0
Drug_12,Drug_53,1
Drug_38,Drug_13,0
Drug_18,Drug_32,1
Drug_33,Drug_76,0
Drug_26,Drug_52,1
Drug_52,Drug_39,1
Drug_15,Drug_62,1
Drug_62,Drug_91,1
Drug_53,Drug_41,1
Drug_56,Drug_30,0
Drug_55,Drug_97,0
Drug_75,Drug_22,1
Drug_22,Drug_30,1
Drug_81,Drug_8,1
Drug_25,Drug_38,0
Drug_52,Drug_19,0
Drug_2,Drug_55,1
Drug_53,Drug_76,1
Drug_74,Drug_81,0
Drug_4,Drug_79,1
Drug_94,Drug_23,1
Drug_32,Drug_6,0
Drug_18,Drug_18,0
Drug_99,Drug_93,0
Drug_72,Drug_47,1
Drug_18,Drug_16,1
Drug_89,Drug_89,1
Drug_7,Drug_62,1
Drug_84,Drug_30,0
Drug_77,Drug_90,1
Drug_40,Drug_50,0
Drug_69,Drug_53,0
Drug_31,Drug_34,1
Drug_3,Drug_47,0
Drug_95,Drug_28,1
Drug_56,Drug_2,1
Drug_75,Drug_41,1
Drug_55,Drug_24,0
Drug_65,Drug_18,0
Drug_85,Drug_30,0
Drug_39,Drug_9,0
Drug_52,Drug_43,0
Drug_48,Drug_78,1
Drug_47,Drug_68,1
Drug_1,Drug_47,1
Drug_14,Drug_67,0
Drug_72,Drug_13,0
Drug_21,Drug_32,0
Drug_4,Drug_69,0
Drug_24,Drug_29,1
Drug_37,Drug_16,0
Drug_20,Drug_23,1
Drug_19,Drug_94,1
Drug_78,Drug_82,0
Drug_23,Drug_57,1
Drug_52,Drug_40,0
Drug_64,Drug_69,1
Drug_59,Drug_93,0
Drug_14,Drug_13,0
Drug_85,Drug_9,1
Drug_7,Drug_58,1
Drug_16,Drug_69,1
Drug_88,Drug_72,1
Drug_76,Drug_1,1
Drug_44,Drug_24,1
Drug_96,Drug_20,0
Drug_96,Drug_73,1
Drug_40,Drug_58,0
Drug_83,Drug_46,1
Drug_76,Drug_17,0
Drug_9,Drug_32,0
Drug_97,Drug_44,1
Drug_18,Drug_4,1
Drug_98,Drug_31,0
Drug_17,Drug_30,0
Drug_98,Drug_40,1
Drug_5,Drug_28,1
Drug_21,Drug_3,1
Drug_96,Drug_68,0
Drug_59,Drug_61,1
Drug_50,Drug_88,0
Drug_99,Drug_25,0
Drug_56,Drug_36,1
Drug_57,Drug_7,1
Drug_8,Drug_21,0
Drug_71,Drug_91,0
Drug_29,Drug_11,1
Drug_33,Drug_15,1
Drug_46,Drug_95,0
Drug_27,Drug_7,0
Drug_64,Drug_2,1
Drug_53,Drug_21,0
Drug_12,Drug_20,0
Drug_29,Drug_43,0
Drug_66,Drug_48,0
Drug_57,Drug_94,1
Drug_71,Drug_17,0
Drug_96,Drug_60,0
Drug_91,Drug_75,0
Drug_83,Drug_87,1
Drug_66,Drug_76,1
Drug_39,Drug_3,0
Drug_62,Drug_99,0
Drug_95,Drug_22,1
Drug_68,Drug_15,1
Drug_12,Drug_58,0
Drug_64,Drug_66,1
Drug_71,Drug_65,1
Drug_45,Drug_38,1
Drug_54,Drug_13,1
Drug_61,Drug_3,0
Drug_95,Drug_53,1
Drug_70,Drug_96,1
Drug_50,Drug_80,1
Drug_42,Drug_88,0
Drug_85,Drug_95,1
Drug_98,Drug_17,0
Drug_42,Drug_35,0
Drug_47,Drug_14,0
Drug_52,Drug_1,0
Drug_48,Drug_36,0
Drug_57,Drug_45,1
Drug_60,Drug_70,0
Drug_85,Drug_48,0
Drug_42,Drug_43,1
Drug_82,Drug_45,0
Drug_48,Drug_38,0
Drug_23,Drug_46,1
Drug_43,Drug_44,1
Drug_34,Drug_79,1
Drug_6,Drug_42,1
Drug_76,Drug_73,1
Drug_93,Drug_13,1
Drug_24,Drug_84,0
Drug_79,Drug_40,1
Drug_23,Drug_71,0
Drug_85,Drug_27,0
Drug_7,Drug_71,1
Drug_65,Drug_21,1
Drug_46,Drug_81,0
Drug_24,Drug_77,0
Drug_10,Drug_64,1
Drug_81,Drug_32,0
Drug_91,Drug_22,0
Drug_74,Drug_25,1
Drug_28,Drug_89,1
Drug_14,Drug_30,1
Drug_39,Drug_64,0
Drug_94,Drug_52,0
Drug_61,Drug_88,1
Drug_34,Drug_30,0
Drug_96,Drug_75,0
Drug_64,Drug_45,0
Drug_78,Drug_93,0
Drug_18,Drug_68,1
Drug_96,Drug_37,0
Drug_51,Drug_78,1
Drug_8,Drug_93,0
Drug_94,Drug_94,0
Drug_37,Drug_38,0
Drug_10,Drug_68,1
Drug_43,Drug_99,1
Drug_86,Drug_20,1
Drug_99,Drug_56,0
Drug_98,Drug_83,0
Drug_27,Drug_63,0
Drug_83,Drug_28,1
Drug_92,Drug_62,0
Drug_13,Drug_89,1
Drug_69,Drug_99,0
Drug_4,Drug_2,0
Drug_9,Drug_7,1
Drug_35,Drug_95,0
Drug_52,Drug_41,1
Drug_39,Drug_29,0
Drug_21,Drug_21,0
Drug_60,Drug_29,0
Drug_55,Drug_96,1
Drug_3,Drug_53,1
Drug_92,Drug_11,1
Drug_19,Drug_35,1
Drug_42,Drug_32,1
Drug_86,Drug_77,0
Drug_41,Drug_21,0
Drug_25,Drug_35,1
Drug_43,Drug_81,0
Drug_6,Drug_25,1
Drug_83,Drug_48,0
Drug_81,Drug_100,0
Drug_91,Drug_21,0
Drug_6,Drug_80,1
Drug_7,Drug_87,1
Drug_1,Drug_69,1
Drug_38,Drug_70,1
Drug_80,Drug_84,1
Drug_97,Drug_42,1
Drug_66,Drug_16,0
Drug_35,Drug_18,0
Drug_32,Drug_26,0
Drug_72,Drug_6,0
Drug_36,Drug_100,1
Drug_42,Drug_85,0
Drug_41,Drug_67,0
Drug_7,Drug_6,1
Drug_56,Drug_67,0
Drug_70,Drug_4,1
Drug_19,Drug_2,0
Drug_6,Drug_20,0
Drug_85,Drug_40,0
Drug_73,Drug_72,1
Drug_37,Drug_16,1
Drug_4,Drug_28,0
Drug_25,Drug_88,0
Drug_88,Drug_3,0
Drug_17,Drug_38,0
Drug_40,Drug_54,1
Drug_51,Drug_1,1
Drug_42,Drug_76,0
Drug_88,Drug_16,0
Drug_75,Drug_15,0
Drug_36,Drug_82,1
Drug_7,Drug_32,1
Drug_87,Drug_27,1
Drug_34,Drug_33,1
Drug_52,Drug_76,0
Drug_93,Drug_44,1
Drug_17,Drug_26,1
Drug_3,Drug_86,1
Drug_71,Drug_92,1
Drug_14,Drug_67,0
Drug_64,Drug_63,0
Drug_78,Drug_63,0
Drug_27,Drug_21,1
Drug_27,Drug_28,0
Drug_19,Drug_57,1
Drug_32,Drug_54,1
Drug_67,Drug_40,0
Drug_79,Drug_48,1
Drug_76,Drug_64,0
Drug_32,Drug_85,0
Drug_10,Drug_71,0
Drug_31,Drug_34,0
Drug_69,Drug_48,1
Drug_39,Drug_25,1
Drug_87,Drug_29,0
Drug_57,Drug_7,0
Drug_40,Drug_70,1
Drug_15,Drug_21,0
Drug_90,Drug_87,0
Drug_16,Drug_86,0
Drug_94,Drug_61,0
Drug_6,Drug_4,1
Drug_7,Drug_5,1
Drug_65,Drug_19,1
Drug_44,Drug_55,0
Drug_28,Drug_44,1
Drug_36,Drug_21,0
Drug_100,Drug_71,0
Drug_30,Drug_6,0
Drug_82,Drug_15,1
Drug_43,Drug_80,1
Drug_48,Drug_86,1
Drug_61,Drug_85,0
Drug_70,Drug_82,1
Drug_40,Drug_44,0
Drug_83,Drug_94,0
Drug_58,Drug_1,1
Drug_14,Drug_5,0
Drug_64,Drug_100,1
Drug_69,Drug_87,1
Drug_13,Drug_89,1
Drug_49,Drug_39,1
Drug_70,Drug_43,1
Drug_12,Drug_85,0
Drug_36,Drug_16,1
Drug_13,Drug_65,0
Drug_17,Drug_2,1
Drug_99,Drug_69,0
Drug_31,Drug_21,0
Drug_73,Drug_52,0
Drug_50,Drug_21,1
Drug_79,Drug_35,0
Drug_53,Drug_25,0
Drug_6,Drug_89,1
Drug_71,Drug_86,1
Drug_39,Drug_95,0
Drug_65,Drug_79,1
Drug_85,Drug_56,1
Drug_17,Drug_77,0
Drug_81,Drug_50,0
Drug_31,Drug_69,1
Drug_76,Drug_96,0
Drug_96,Drug_5,1
Drug_88,Drug_11,0
Drug_3,Drug_10,0
Drug_78,Drug_50,0
Drug_58,Drug_84,0
Drug_48,Drug_51,1
Drug_4,Drug_100,0
Drug_93,Drug_47,1
Drug_71,Drug_53,0
Drug_52,Drug_93,1
Drug_93,Drug_31,1
Drug_45,Drug_90,1
Drug_69,Drug_8,1
Drug_44,Drug_97,1
Drug_11,Drug_93,1
Drug_32,Drug_16,1
Drug_19,Drug_67,1
Drug_9,Drug_10,1
Drug_88,Drug_81,1
Drug_71,Drug_80,1
Drug_14,Drug_19,1
Drug_43,Drug_75,0
Drug_8,Drug_96,0
Drug_36,Drug_8,0
Drug_63,Drug_37,1
Drug_99,Drug_28,0
Drug_66,Drug_70,1
Drug_28,Drug_35,1
Drug_72,Drug_4,0
Drug_85,Drug_55,0
Drug_99,Drug_86,1
Drug_18,Drug_28,1
Drug_92,Drug_52,1
Drug_77,Drug_25,0
Drug_26,Drug_28,1
Drug_27,Drug_36,0
Drug_15,Drug_48,0
Drug_26,Drug_59,0
Drug_49,Drug_91,1
Drug_96,Drug_89,0
Drug_31,Drug_66,0
Drug_1,Drug_61,0
Drug_14,Drug_87,1
Drug_54,Drug_85,1
Drug_87,Drug_49,1
Drug_86,Drug_72,0
Drug_21,Drug_69,0
Drug_57,Drug_3,0
Drug_20,Drug_34,0
Drug_98,Drug_35,0
Drug_68,Drug_95,0
Drug_76,Drug_7,1
Drug_95,Drug_46,1
Drug_26,Drug_69,1
Drug_88,Drug_41,1
Drug_60,Drug_5,1
Drug_86,Drug_68,0
Drug_92,Drug_60,0
Drug_60,Drug_49,1
Drug_19,Drug_6,1
Drug_89,Drug_94,0
Drug_47,Drug_83,1
Drug_27,Drug_46,1
Drug_52,Drug_96,1
Drug_20,Drug_65,1
Drug_77,Drug_89,0
Drug_45,Drug_73,1
Drug_10,Drug_22,0
Drug_15,Drug_10,1
Drug_98,Drug_2,1
Drug_41,Drug_63,1
Drug_57,Drug_92,1
Drug_12,Drug_38,0
Drug_40,Drug_58,1
Drug_52,Drug_32,0
Drug_25,Drug_61,1
Drug_30,Drug_88,0
Drug_44,Drug_87,0
Drug_26,Drug_50,0
Drug_54,Drug_71,0
Drug_83,Drug_3,1
Drug_58,Drug_84,0
Drug_22,Drug_79,0
Drug_52,Drug_55,0
Drug_78,Drug_79,0
Drug_14,Drug_26,0
Drug_31,Drug_83,1
Drug_19,Drug_67,0
Drug_67,Drug_33,0
Drug_14,Drug_53,1
Drug_100,Drug_63,0
Drug_37,Drug_70,0
Drug_84,Drug_16,0
Drug_88,Drug_1,0
Drug_78,Drug_14,1
Drug_16,Drug_68,0
Drug_11,Drug_47,1
Drug_49,Drug_57,1
Drug_36,Drug_2,1
Drug_69,Drug_29,1
Drug_58,Drug_12,0
Drug_54,Drug_42,1
Drug_13,Drug_97,1
Drug_7,Drug_13,0
Drug_30,Drug_95,1
Drug_89,Drug_5,1
Drug_2,Drug_15,1
Drug_48,Drug_99,0
Drug_29,Drug_26,1
Drug_54,Drug_43,1
Drug_8,Drug_10,0
Drug_24,Drug_5,0
Drug_52,Drug_38,1
Drug_71,Drug_86,1
Drug_22,Drug_9,1
Drug_34,Drug_15,1
Drug_7,Drug_73,1
Drug_58,Drug_9,0
Drug_49,Drug_65,0
Drug_34,Drug_73,1
Drug_100,Drug_7,1
Drug_83,Drug_57,0
Drug_66,Drug_2,1
Drug_18,Drug_75,1
Drug_58,Drug_95,1
Drug_30,Drug_42,0
Drug_77,Drug_67,1
Drug_4,Drug_61,1
Drug_33,Drug_100,0
Drug_90,Drug_90,1
Drug_51,Drug_61,0
Drug_33,Drug_87,1
Drug_62,Drug_64,0
Drug_5,Drug_23,0
Drug_19,Drug_96,0
Drug_31,Drug_11,0
Drug_94,Drug_79,0
Drug_76,Drug_50,1
Drug_43,Drug_7,1
Drug_100,Drug_49,1
Drug_38,Drug_45,1
Drug_30,Drug_100,0
Drug_96,Drug_14,1
Drug_2,Drug_77,0
Drug_3,Drug_90,1
Drug_35,Drug_56,1
Drug_17,Drug_18,1
Drug_57,Drug_73,1
Drug_74,Drug_11,0
Drug_21,Drug_100,0
Drug_10,Drug_39,1
Drug_16,Drug_24,0
Drug_7,Drug_52,1
Drug_10,Drug_11,1
Drug_39,Drug_83,1
Drug_22,Drug_23,1
Drug_33,Drug_26,0
Drug_87,Drug_39,1
Drug_35,Drug_32,0
Drug_66,Drug_14,1
Drug_82,Drug_93,0
Drug_46,Drug_78,1
Drug_86,Drug_58,1
Drug_60,Drug_10,1
Drug_65,Drug_71,0
Drug_30,Drug_64,1
Drug_20,Drug_30,1
Drug_22,Drug_50,1
Drug_11,Drug_15,0
Drug_7,Drug_29,1
Drug_22,Drug_94,1
Drug_29,Drug_5,0
Drug_63,Drug_65,0
Drug_95,Drug_22,0
Drug_37,Drug_83,1
Drug_9,Drug_60,1
Drug_37,Drug_19,1
Drug_68,Drug_96,0
Drug_77,Drug_46,1
Drug_6,Drug_46,0
Drug_73,Drug_25,1
Drug_47,Drug_86,0
Drug_54,Drug_92,0
Drug_61,Drug_73,0
Drug_37,Drug_95,0
Drug_68,Drug_26,1
Drug_79,Drug_14,0
Drug_52,Drug_23,1
Drug_25,Drug_76,0
Drug_36,Drug_59,1
Drug_100,Drug_13,0
Drug_64,Drug_58,1
Drug_78,Drug_45,1
Drug_99,Drug_70,0
Drug_87,Drug_69,0
Drug_94,Drug_38,1
Drug_28,Drug_87,1
Drug_63,Drug_52,1
Drug_19,Drug_36,1
Drug_16,Drug_9,1
Drug_18,Drug_79,1
Drug_6,Drug_62,1
Drug_85,Drug_53,1
Drug_93,Drug_46,0
Drug_21,Drug_79,1
Drug_6,Drug_50,1
Drug_25,Drug_95,0
Drug_60,Drug_39,1
Drug_94,Drug_56,0
Drug_67,Drug_66,1
Drug_91,Drug_34,0
Drug_97,Drug_25,1
Drug_8,Drug_33,1
Drug_8,Drug_88,1
Drug_92,Drug_56,1
Drug_26,Drug_65,0
Drug_42,Drug_42,0
Drug_43,Drug_9,0
Drug_24,Drug_71,0
Drug_4,Drug_54,1
Drug_58,Drug_44,0
Drug_66,Drug_71,0
Drug_99,Drug_18,1
Drug_70,Drug_73,1
Drug_1,Drug_96,0
Drug_31,Drug_79,0
Drug_54,Drug_86,0
Drug_90,Drug_92,1
Drug_18,Drug_52,0
Drug_57,Drug_43,0
Drug_52,Drug_29,1
Drug_21,Drug_45,1
Drug_22,Drug_57,1
Drug_81,Drug_78,0
Drug_69,Drug_34,0
Drug_65,Drug_33,1
Drug_55,Drug_31,0
Drug_29,Drug_52,0
Drug_69,Drug_95,0
Drug_66,Drug_83,0
Drug_38,Drug_31,0
Drug_77,Drug_51,1
Drug_77,Drug_25,1
Drug_30,Drug_67,0
Drug_66,Drug_54,0
Drug_48,Drug_99,0
Drug_36,Drug_46,1
Drug_69,Drug_41,0
Drug_90,Drug_60,0
Drug_90,Drug_47,0
Drug_10,Drug_83,1
Drug_23,Drug_49,0
Drug_13,Drug_20,1
Drug_21,Drug_22,0
Drug_6,Drug_17,0
Drug_29,Drug_49,1
Drug_84,Drug_9,0
Drug_1,Drug_78,1
Drug_10,Drug_81,0
Drug_17,Drug_61,0
Drug_5,Drug_11,1
Drug_68,Drug_29,0
Drug_73,Drug_62,0
Drug_95,Drug_34,1
Drug_41,Drug_2,0
Drug_3,Drug_88,0
Drug_45,Drug_53,0
Drug_3,Drug_73,0
Drug_26,Drug_19,0
Drug_73,Drug_7,1
Drug_65,Drug_88,0
Drug_30,Drug_5,0
Drug_45,Drug_86,1
Drug_83,Drug_14,1
Drug_70,Drug_68,0
Drug_82,Drug_15,1
Drug_91,Drug_54,0
Drug_40,Drug_48,1
Drug_26,Drug_4,0
Drug_90,Drug_47,1
Drug_71,Drug_50,1
Drug_72,Drug_44,1
Drug_58,Drug_28,0
Drug_81,Drug_67,0
Drug_6,Drug_60,1
Drug_95,Drug_29,0
Drug_73,Drug_63,0
Drug_3,Drug_60,0
Drug_97,Drug_23,0
Drug_79,Drug_66,0
Drug_31,Drug_93,1
Drug_9,Drug_67,1
Drug_78,Drug_31,1
Drug_23,Drug_18,0
Drug_63,Drug_49,1
Drug_45,Drug_62,0
Drug_83,Drug_24,1
Drug_9,Drug_11,0
Drug_12,Drug_38,1
Drug_100,Drug_18,1
Drug_71,Drug_79,0
Drug_10,Drug_46,0
Drug_70,Drug_3,1
Drug_31,Drug_59,1
Drug_62,Drug_33,0
Drug_16,Drug_87,0
Drug_4,Drug_41,0
Drug_97,Drug_95,0
Drug_34,Drug_52,0
Drug_98,Drug_40,1
Drug_21,Drug_93,1
Drug_59,Drug_32,1
Drug_49,Drug_24,1
Drug_26,Drug_100,0
Drug_7,Drug_48,1
Drug_46,Drug_87,0
Drug_66,Drug_97,1
Drug_93,Drug_79,0
Drug_40,Drug_76,0
Drug_19,Drug_94,1
Drug_48,Drug_53,1
Drug_99,Drug_7,0
Drug_24,Drug_100,0
Drug_79,Drug_51,1
Drug_74,Drug_56,0
Drug_6,Drug_47,1
Drug_42,Drug_35,1
Drug_10,Drug_4,0
Drug_97,Drug_59,0
Drug_29,Drug_81,0
Drug_40,Drug_76,1
Drug_44,Drug_39,0
Drug_70,Drug_96,1
Drug_64,Drug_15,0
Drug_52,Drug_11,1
Drug_42,Drug_96,1
Drug_83,Drug_82,1
Drug_48,Drug_79,0
Drug_80,Drug_74,1
Drug_55,Drug_37,0
Drug_79,Drug_71,0
Drug_92,Drug_92,0
Drug_44,Drug_9,0
Drug_92,Drug_76,1
Drug_32,Drug_40,0
Drug_72,Drug_23,0
Drug_39,Drug_7,1
Drug_73,Drug_64,0
Drug_31,Drug_55,0
Drug_54,Drug_100,1
Drug_61,Drug_33,1
Drug_30,Drug_13,0
Drug_39,Drug_48,0
Drug_88,Drug_66,1
Drug_60,Drug_73,1
Drug_75,Drug_46,1
Drug_48,Drug_1,1
Drug_64,Drug_29,1
Drug_92,Drug_22,0
Drug_5,Drug_16,1
Drug_3,Drug_84,1
Drug_3,Drug_47,0
Drug_7,Drug_5,0
Drug_58,Drug_76,1
Drug_34,Drug_91,1
Drug_84,Drug_66,1
Drug_81,Drug_26,1
Drug_18,Drug_65,0
Drug_98,Drug_93,0
Drug_86,Drug_55,1
Drug_72,Drug_83,0
Drug_5,Drug_82,1
Drug_94,Drug_70,0
Drug_20,Drug_49,0
Drug_91,Drug_56,1
Drug_93,Drug_20,0
Drug_37,Drug_100,0
Drug_96,Drug_24,0
Drug_34,Drug_98,0
Drug_23,Drug_25,0
Drug_34,Drug_79,1
Drug_42,Drug_68,1
Drug_93,Drug_33,0
Drug_86,Drug_72,0
Drug_99,Drug_72,1
Drug_79,Drug_94,1
Drug_78,Drug_37,1
Drug_16,Drug_36,0
Drug_90,Drug_15,1
Drug_63,Drug_59,0
Drug_56,Drug_90,1
Drug_20,Drug_42,1
Drug_78,Drug_84,1
Drug_86,Drug_41,0
Drug_47,Drug_61,0
Drug_25,Drug_61,1
Drug_62,Drug_87,1
Drug_53,Drug_4,0
Drug_60,Drug_27,0
Drug_83,Drug_100,1
Drug_25,Drug_41,0
Drug_84,Drug_66,1
Drug_44,Drug_30,1
Drug_16,Drug_99,0
Drug_23,Drug_64,1
Drug_4,Drug_34,0
Drug_8,Drug_89,0
Drug_57,Drug_9,0
Drug_35,Drug_32,0
Drug_43,Drug_49,0
Drug_100,Drug_88,0
Drug_64,Drug_81,1
Drug_54,Drug_21,1
Drug_59,Drug_58,0
Drug_96,Drug_1,1
Drug_76,Drug_46,1
Drug_77,Drug_76,1
Drug_59,Drug_36,1
Drug_16,Drug_14,0
Drug_84,Drug_84,0
Drug_43,Drug_64,1
Drug_23,Drug_51,1
Drug_74,Drug_22,0
Drug_51,Drug_82,1
Drug_33,Drug_63,1
Drug_83,Drug_74,1
Drug_95,Drug_51,1
Drug_36,Drug_42,0
Drug_21,Drug_39,0
Drug_50,Drug_72,0
Drug_100,Drug_90,0
Drug_16,Drug_11,1
Drug_31,Drug_91,1
Drug_88,Drug_57,0
Drug_49,Drug_72,0
Drug_40,Drug_38,0
Drug_26,Drug_63,0
Drug_68,Drug_40,1
Drug_95,Drug_45,0
Drug_89,Drug_38,1
Drug_3,Drug_70,0
Drug_92,Drug_65,1
Drug_100,Drug_26,1
Drug_37,Drug_56,0
Drug_22,Drug_8,0
Drug_77,Drug_78,0
Drug_70,Drug_17,0
Drug_5,Drug_24,0
Drug_61,Drug_7,1
Drug_92,Drug_68,1
Drug_27,Drug_97,0
Drug_14,Drug_99,0
Drug_59,Drug_94,0
Drug_52,Drug_3,0
Drug_98,Drug_97,1
Drug_60,Drug_96,1
Drug_42,Drug_79,0
Drug_54,Drug_34,0
Drug_98,Drug_89,0
Drug_26,Drug_75,0
Drug_84,Drug_43,0
Drug_6,Drug_17,1
Drug_83,Drug_66,1
Drug_50,Drug_40,0
Drug_46,Drug_77,1
Drug_69,Drug_94,1
Drug_58,Drug_33,1
Drug_97,Drug_50,1
Drug_42,Drug_35,0
Drug_84,Drug_38,1
Drug_78,Drug_81,1
Drug_43,Drug_65,0
Drug_33,Drug_9,0
Drug_46,Drug_50,0
Drug_79,Drug_26,0
Drug_84,Drug_10,0
Drug_60,Drug_8,1
Drug_51,Drug_58,1
Drug_89,Drug_23,0
Drug_42,Drug_48,0
Drug_48,Drug_61,1
Drug_1,Drug_72,0
Drug_52,Drug_56,1
Drug_94,Drug_97,1
Drug_83,Drug_64,0
Drug_36,Drug_97,1
Drug_100,Drug_7,1
Drug_14,Drug_28,1
Drug_73,Drug_3,1
Drug_68,Drug_49,0
Drug_94,Drug_29,0
Drug_28,Drug_4,0
Drug_12,Drug_70,1
Drug_45,Drug_34,1
Drug_27,Drug_65,1
Drug_9,Drug_81,0
Drug_47,Drug_43,0
Drug_50,Drug_53,1
Drug_69,Drug_66,1
Drug_69,Drug_81,0
Drug_95,Drug_51,0
Drug_37,Drug_98,0
Drug_54,Drug_32,0
Drug_83,Drug_89,1
Drug_18,Drug_33,0
Drug_78,Drug_55,0
Drug_1,Drug_7,0
Drug_70,Drug_64,1
Drug_33,Drug_22,0
Drug_15,Drug_33,1
Drug_64,Drug_44,0
Drug_21,Drug_28,0
Drug_57,Drug_41,1
Drug_35,Drug_21,1
Drug_47,Drug_32,0
Drug_7,Drug_39,0
Drug_31,Drug_31,0
Drug_74,Drug_93,0
Drug_65,Drug_98,0
Drug_4,Drug_35,0
Drug_60,Drug_42,1
Drug_71,Drug_92,0
Drug_98,Drug_74,1
Drug_70,Drug_82,1
Drug_19,Drug_36,0
Drug_95,Drug_76,0
Drug_44,Drug_14,1
Drug_60,Drug_67,0
Drug_76,Drug_7,0
Drug_21,Drug_29,1
Drug_18,Drug_9,0
Drug_24,Drug_80,0
Drug_31,Drug_9,1
Drug_44,Drug_79,0
Drug_69,Drug_33,1
Drug_16,Drug_23,0
Drug_31,Drug_73,1
Drug_19,Drug_96,1
Drug_58,Drug_96,1
Drug_64,Drug_37,0
Drug_95,Drug_25,1
Drug_96,Drug_74,1
Drug_49,Drug_13,1
Drug_73,Drug_32,0
Drug_2,Drug_87,0
Drug_23,Drug_86,1
Drug_78,Drug_87,1
Drug_99,Drug_7,0
Drug_2,Drug_81,1
Drug_22,Drug_54,1
Drug_94,Drug_83,0
Drug_42,Drug_45,1
Drug_37,Drug_96,0
Drug_5,Drug_37,1
Drug_59,Drug_83,0
Drug_94,Drug_1,0
Drug_51,Drug_55,0
Drug_58,Drug_92,0
Drug_9,Drug_20,0
Drug_62,Drug_39,0
Drug_94,Drug_18,0
Drug_86,Drug_25,1
Drug_97,Drug_8,1
Drug_85,Drug_8,0
Drug_70,Drug_82,0
Drug_72,Drug_54,0
Drug_46,Drug_63,0
Drug_53,Drug_71,0
Drug_80,Drug_68,0
Drug_45,Drug_78,0
Drug_55,Drug_36,0
Drug_64,Drug_11,1
Drug_56,Drug_84,0
Drug_73,Drug_30,0
Drug_51,Drug_67,1
Drug_93,Drug_53,1
Drug_99,Drug_65,1
Drug_32,Drug_18,1
Drug_24,Drug_11,1
Drug_97,Drug_61,1
Drug_76,Drug_39,1
Drug_74,Drug_65,1
Drug_1,Drug_80,0
Drug_50,Drug_54,0
Drug_3,Drug_17,1
Drug_12,Drug_1,1
Drug_97,Drug_28,0
Drug_61,Drug_93,0
Drug_95,Drug_89,1
Drug_95,Drug_56,0
Drug_40,Drug_14,1
Drug_26,Drug_72,0
Drug_51,Drug_17,0
Drug_98,Drug_77,0
Drug_39,Drug_100,0
Drug_91,Drug_61,1
Drug_51,Drug_16,1
Drug_25,Drug_53,0
Drug_32,Drug_16,0
Drug_40,Drug_63,1
Drug_4,Drug_1,1
Drug_89,Drug_36,1
Drug_10,Drug_51,1
Drug_35,Drug_19,0
Drug_73,Drug_42,0
Drug_96,Drug_6,0
Drug_96,Drug_97,1
Drug_3,Drug_64,0
Drug_75,Drug_60,0
Drug_96,Drug_23,1
Drug_40,Drug_69,0
Drug_57,Drug_57,0
Drug_71,Drug_9,0
Drug_25,Drug_29,0
Drug_23,Drug_69,0
Drug_57,Drug_32,0
Drug_45,Drug_30,1
Drug_10,Drug_34,0
Drug_60,Drug_41,1
Drug_64,Drug_37,0
Drug_90,Drug_56,1
Drug_29,Drug_73,0
Drug_26,Drug_42,0
Drug_82,Drug_55,0
Drug_13,Drug_26,1
Drug_95,Drug_98,1
Drug_33,Drug_19,1
Drug_34,Drug_82,0
Drug_84,Drug_68,1
Drug_4,Drug_14,1
Drug_2,Drug_59,0
Drug_12,Drug_70,1
Drug_18,Drug_73,1
Drug_75,Drug_76,1
Drug_71,Drug_12,1
Drug_14,Drug_83,0
Drug_98,Drug_84,0
Drug_41,Drug_63,0
Drug_4,Drug_74,0
Drug_41,Drug_86,1
Drug_12,Drug_8,0
Drug_56,Drug_91,1
Drug_45,Drug_65,1
Drug_17,Drug_46,0
Drug_35,Drug_78,1
Drug_24,Drug_62,0
Drug_41,Drug_25,0
Drug_62,Drug_44,0
Drug_20,Drug_39,0
Drug_70,Drug_77,1
Drug_40,Drug_40,0
Drug_50,Drug_18,0
Drug_38,Drug_96,1
Drug_61,Drug_84,0
Drug_55,Drug_26,0
Drug_66,Drug_17,1
Drug_3,Drug_8,0
Drug_90,Drug_92,1
Drug_53,Drug_100,0
Drug_83,Drug_82,1
Drug_42,Drug_51,0
Drug_60,Drug_56,1
Drug_18,Drug_69,1
Drug_5,Drug_30,0
Drug_32,Drug_94,0
Drug_51,Drug_13,0
Drug_42,Drug_4,0
Drug_41,Drug_8,0
Drug_8,Drug_16,1
Drug_67,Drug_96,0
Drug_14,Drug_72,0
Drug_92,Drug_54,0
Drug_89,Drug_17,1
Drug_95,Drug_42,0
Drug_21,Drug_93,1
Drug_44,Drug_82,0
Drug_49,Drug_47,0
Drug_88,Drug_54,0
Drug_73,Drug_91,0
Drug_67,Drug_44,1
Drug_58,Drug_50,0
Drug_54,Drug_83,1
Drug_6,Drug_93,1
Drug_43,Drug_22,0
Drug_21,Drug_39,1
Drug_19,Drug_68,0
Drug_98,Drug_10,1
Drug_97,Drug_92,1
Drug_84,Drug_12,0
Drug_69,Drug_98,0
Drug_15,Drug_75,1
Drug_68,Drug_82,1
Drug_1,Drug_71,1
Drug_23,Drug_44,0
Drug_22,Drug_90,1
Drug_41,Drug_46,1
Drug_18,Drug_36,0
Drug_55,Drug_12,0
Drug_62,Drug_9,1
Drug_79,Drug_99,0
Drug_32,Drug_17,0
Drug_90,Drug_88,0
Drug_7,Drug_57,1
Drug_91,Drug_34,0
Drug_26,Drug_88,0
Drug_57,Drug_10,0
Drug_35,Drug_30,0
Drug_51,Drug_91,0
Drug_87,Drug_59,1
Drug_69,Drug_88,1
Drug_34,Drug_93,1
Drug_36,Drug_31,1
Drug_33,Drug_88,0
Drug_99,Drug_71,0
Drug_46,Drug_67,1
Drug_37,Drug_22,1
Drug_12,Drug_18,1
Drug_72,Drug_68,0
Drug_97,Drug_8,0
Drug_31,Drug_6,1
Drug_5,Drug_28,0
Drug_46,Drug_95,0
Drug_64,Drug_68,1
Drug_10,Drug_26,1
Drug_76,Drug_12,1
Drug_46,Drug_30,0
Drug_58,Drug_26,0
Drug_17,Drug_4,1
Drug_52,Drug_92,1
Drug_16,Drug_99,0
Drug_53,Drug_90,1
Drug_27,Drug_45,1
Drug_39,Drug_58,1
Drug_25,Drug_55,0
Drug_62,Drug_65,0
Drug_16,Drug_40,0
Drug_92,Drug_45,1
Drug_97,Drug_86,0
Drug_90,Drug_80,0
Drug_21,Drug_68,0
Drug_95,Drug_22,0
Drug_34,Drug_55,1
Drug_41,Drug_5,1
Drug_1,Drug_36,1
Drug_65,Drug_60,0
Drug_98,Drug_61,0
Drug_83,Drug_50,1
Drug_69,Drug_15,1
Drug_78,Drug_70,0
Drug_15,Drug_3,0
Drug_16,Drug_72,0
Drug_27,Drug_91,0
Drug_85,Drug_36,1
Drug_44,Drug_36,1
Drug_13,Drug_10,1
Drug_43,Drug_42,1
Drug_10,Drug_28,0
Drug_96,Drug_44,0
Drug_76,Drug_2,1
Drug_45,Drug_18,1
Drug_58,Drug_40,0
Drug_56,Drug_3,1
Drug_41,Drug_19,0
Drug_42,Drug_60,0
Drug_11,Drug_27,1
Drug_63,Drug_29,1
Drug_7,Drug_43,0
Drug_25,Drug_75,1
Drug_70,Drug_19,1
Drug_45,Drug_1,0
Drug_17,Drug_12,1
Drug_90,Drug_16,0
Drug_4,Drug_12,1
Drug_27,Drug_34,1
Drug_72,Drug_68,1
Drug_71,Drug_52,0
Drug_46,Drug_17,1
Drug_72,Drug_84,0
Drug_39,Drug_72,1
Drug_83,Drug_58,1
Drug_1,Drug_9,1
Drug_46,Drug_43,1
Drug_93,Drug_87,0
Drug_90,Drug_29,0
Drug_99,Drug_68,1
Drug_77,Drug_87,0
Drug_63,Drug_53,0
Drug_42,Drug_58,0
Drug_24,Drug_34,1
Drug_42,Drug_88,0
Drug_100,Drug_86,0
Drug_81,Drug_45,1
Drug_17,Drug_97,1
Drug_53,Drug_51,0
Drug_60,Drug_73,1
Drug_7,Drug_66,1
Drug_74,Drug_72,1
Drug_9,Drug_69,1
Drug_15,Drug_83,1
Drug_52,Drug_68,1
Drug_19,Drug_28,1
Drug_62,Drug_33,0
Drug_51,Drug_65,0
Drug_83,Drug_95,1
Drug_5,Drug_70,1
Drug_88,Drug_38,0
Drug_81,Drug_47,0
Drug_91,Drug_24,0
Drug_25,Drug_72,1
Drug_88,Drug_46,0
Drug_26,Drug_23,1
Drug_1,Drug_22,0
Drug_5,Drug_70,1
Drug_18,Drug_67,1
Drug_95,Drug_8,1
Drug_36,Drug_80,1
Drug_19,Drug_17,1
Drug_95,Drug_19,1
Drug_53,Drug_87,0
Drug_91,Drug_96,1
Drug_52,Drug_19,1
Drug_57,Drug_38,0
Drug_13,Drug_57,1
Drug_27,Drug_78,0
Drug_2,Drug_54,0
Drug_52,Drug_91,1
Drug_41,Drug_87,1
Drug_41,Drug_84,0
Drug_59,Drug_33,0
Drug_91,Drug_40,1
Drug_44,Drug_86,1
Drug_25,Drug_16,0
Drug_47,Drug_80,0
Drug_37,Drug_74,1
Drug_72,Drug_59,0
Drug_32,Drug_22,1
Drug_65,Drug_54,0
Drug_42,Drug_70,1
Drug_85,Drug_8,1
Drug_21,Drug_83,0
Drug_21,Drug_76,1
Drug_81,Drug_3,0
Drug_87,Drug_11,0
Drug_88,Drug_36,1
Drug_13,Drug_97,1
Drug_15,Drug_71,1
Drug_89,Drug_97,1
Drug_12,Drug_63,1
Drug_46,Drug_54,0
Drug_88,Drug_38,1
Drug_10,Drug_43,1
Drug_30,Drug_41,1
Drug_37,Drug_30,0
Drug_16,Drug_74,1
Drug_59,Drug_85,1
Drug_54,Drug_34,1
Drug_76,Drug_82,1
Drug_36,Drug_91,1
Drug_3,Drug_71,1
Drug_40,Drug_79,0
Drug_30,Drug_96,1
Drug_60,Drug_8,1
Drug_40,Drug_68,1
Drug_10,Drug_99,1
Drug_89,Drug_42,1
Drug_70,Drug_39,0
Drug_24,Drug_15,0
Drug_95,Drug_1,1
Drug_67,Drug_71,1
Drug_72,Drug_4,0
Drug_29,Drug_85,0
Drug_69,Drug_67,1
Drug_38,Drug_83,0
Drug_51,Drug_24,0
Drug_16,Drug_28,1
Drug_63,Drug_31,1
Drug_2,Drug_68,1
Drug_73,Drug_71,1
Drug_64,Drug_9,0
Drug_46,Drug_37,1
Drug_64,Drug_45,1
Drug_80,Drug_60,1
Drug_48,Drug_83,0
Drug_94,Drug_15,0
Drug_82,Drug_67,0
Drug_60,Drug_81,1
Drug_90,Drug_99,0
Drug_78,Drug_19,0
Drug_5,Drug_54,1
Drug_64,Drug_1,1
Drug_47,Drug_4,0
Drug_36,Drug_79,1
Drug_14,Drug_53,1
Drug_20,Drug_10,1
Drug_31,Drug_72,0
Drug_23,Drug_49,0
Drug_88,Drug_24,1
Drug_99,Drug_41,0
Drug_51,Drug_43,0
Drug_35,Drug_12,1
Drug_60,Drug_18,0
Drug_18,Drug_33,1
Drug_77,Drug_35,0
Drug_21,Drug_99,0
Drug_20,Drug_87,1
Drug_100,Drug_85,1
Drug_35,Drug_3,0
Drug_44,Drug_28,0
Drug_85,Drug_29,0
Drug_27,Drug_77,1
Drug_100,Drug_90,0
Drug_81,Drug_56,1
Drug_66,Drug_39,0
Drug_89,Drug_93,1
Drug_52,Drug_9,1
Drug_94,Drug_68,1
Drug_53,Drug_94,1
Drug_12,Drug_61,0
Drug_45,Drug_60,1
Drug_93,Drug_61,0
Drug_90,Drug_65,0
Drug_76,Drug_70,1
Drug_22,Drug_77,0
Drug_6,Drug_56,0
Drug_75,Drug_40,1
Drug_7,Drug_3,0
Drug_24,Drug_55,0
Drug_63,Drug_27,0
Drug_82,Drug_47,1
Drug_82,Drug_85,1
Drug_83,Drug_4,0
Drug_7,Drug_89,1
Drug_75,Drug_58,1
Drug_75,Drug_65,0
Drug_35,Drug_94,0
Drug_34,Drug_33,1
Drug_81,Drug_83,1
Drug_73,Drug_11,0
Drug_100,Drug_22,0
Drug_39,Drug_13,0
Drug_22,Drug_30,1
Drug_66,Drug_7,0
Drug_95,Drug_82,1
Drug_46,Drug_76,0
Drug_19,Drug_55,1
Drug_13,Drug_32,0
Drug_71,Drug_42,0
Drug_50,Drug_82,1
Drug_88,Drug_43,0
Drug_33,Drug_24,1
Drug_37,Drug_31,0
Drug_69,Drug_99,0
Drug_8,Drug_21,1
Drug_48,Drug_50,1
Drug_17,Drug_80,1
Drug_5,Drug_97,1
Drug_46,Drug_33,0
Drug_22,Drug_20,1
Drug_65,Drug_43,0
Drug_89,Drug_3,0
Drug_76,Drug_56,0
Drug_3,Drug_87,0
Drug_37,Drug_11,1
Drug_33,Drug_63,0
Drug_39,Drug_64,0
Drug_72,Drug_39,1
Drug_51,Drug_65,0
Drug_54,Drug_21,0
Drug_10,Drug_96,0
Drug_68,Drug_71,1
Drug_3,Drug_16,0
Drug_23,Drug_93,0
Drug_59,Drug_42,1
Drug_57,Drug_92,1
Drug_8,Drug_88,1
Drug_22,Drug_35,1
Drug_52,Drug_100,1
Drug_12,Drug_22,0
Drug_17,Drug_18,1
Drug_50,Drug_93,0
Drug_14,Drug_20,1
Drug_13,Drug_87,1
Drug_54,Drug_100,1
Drug_34,Drug_61,1
Drug_86,Drug_43,0
Drug_9,Drug_12,1
Drug_56,Drug_97,0
Drug_18,Drug_70,0
Drug_33,Drug_25,1
Drug_58,Drug_42,1
Drug_89,Drug_64,1
Drug_54,Drug_52,1
Drug_84,Drug_47,1
Drug_31,Drug_73,0
Drug_71,Drug_7,1
Drug_17,Drug_24,1
Drug_84,Drug_2,0
Drug_1,Drug_16,1
Drug_52,Drug_9,1
Drug_4,Drug_26,1
Drug_49,Drug_95,0
Drug_87,Drug_27,1
Drug_49,Drug_18,0
Drug_46,Drug_29,0
Drug_27,Drug_55,1
Drug_42,Drug_56,0
Drug_4,Drug_78,0
Drug_5,Drug_12,0
Drug_23,Drug_94,1
Drug_33,Drug_35,1
Drug_100,Drug_60,0
Drug_11,Drug_15,0
Drug_43,Drug_22,1
Drug_36,Drug_56,1
Drug_85,Drug_11,1
Drug_76,Drug_91,0
Drug_95,Drug_47,1
Drug_52,Drug_20,0
Drug_56,Drug_5,0
Drug_58,Drug_90,1
Drug_80,Drug_25,0
Drug_76,Drug_62,0
Drug_69,Drug_96,0
Drug_56,Drug_56,1
Drug_43,Drug_45,1
Drug_12,Drug_61,0
Drug_48,Drug_35,0
Drug_85,Drug_50,1
Drug_37,Drug_95,1
Drug_89,Drug_5,0
Drug_91,Drug_17,1
Drug_73,Drug_47,0
Drug_95,Drug_56,0
Drug_93,Drug_10,0
Drug_88,Drug_72,0
Drug_96,Drug_80,0
Drug_60,Drug_85,1
Drug_38,Drug_89,0
Drug_39,Drug_83,0
Drug_65,Drug_20,0
Drug_64,Drug_80,0
Drug_48,Drug_65,0
Drug_68,Drug_44,0
Drug_66,Drug_60,0
Drug_97,Drug_54,0
Drug_55,Drug_95,1
Drug_10,Drug_66,1
Drug_87,Drug_69,1
Drug_28,Drug_77,0
Drug_21,Drug_93,0
Drug_93,Drug_59,0
Drug_52,Drug_69,0
Drug_90,Drug_50,0
Drug_11,Drug_63,0
Drug_27,Drug_83,1
Drug_90,Drug_24,0
Drug_95,Drug_64,1
Drug_50,Drug_66,0
Drug_91,Drug_86,0
Drug_1,Drug_86,1
Drug_82,Drug_73,1
Drug_94,Drug_29,0
Drug_14,Drug_52,0
Drug_69,Drug_95,0
Drug_55,Drug_60,1
Drug_96,Drug_90,1
Drug_17,Drug_49,1
Drug_40,Drug_50,0
Drug_91,Drug_44,0
Drug_25,Drug_98,1
Drug_22,Drug_37,1
Drug_47,Drug_38,0
Drug_98,Drug_54,0
Drug_62,Drug_97,1
Drug_47,Drug_2,0
Drug_61,Drug_19,1
Drug_24,Drug_38,1
Drug_26,Drug_96,0
Drug_74,Drug_82,0
Drug_89,Drug_5,0
Drug_56,Drug_78,1
Drug_81,Drug_39,1
Drug_58,Drug_26,1
Drug_21,Drug_58,1
Drug_15,Drug_80,1
Drug_70,Drug_52,1
Drug_80,Drug_34,0
Drug_100,Drug_53,0
Drug_68,Drug_57,1
Drug_67,Drug_68,0
Drug_32,Drug_74,1
Drug_47,Drug_21,0
Drug_26,Drug_39,1
Drug_15,Drug_78,1
Drug_18,Drug_13,0
Drug_23,Drug_70,0
Drug_52,Drug_24,0
Drug_93,Drug_76,1
Drug_58,Drug_64,0
Drug_4,Drug_66,1
Drug_1,Drug_32,1
Drug_87,Drug_92,1
Drug_47,Drug_65,1
Drug_29,Drug_7,0
Drug_74,Drug_52,1
Drug_12,Drug_39,1
Drug_63,Drug_88,0
Drug_63,Drug_69,0
Drug_60,Drug_51,0
Drug_49,Drug_78,0
Drug_81,Drug_27,1
Drug_92,Drug_56,1
Drug_98,Drug_80,1
Drug_11,Drug_62,1
Drug_11,Drug_2,0
Drug_83,Drug_10,0
Drug_69,Drug_27,0
Drug_32,Drug_78,0
Drug_59,Drug_68,0
Drug_41,Drug_16,0
Drug_24,Drug_70,0
Drug_84,Drug_73,0
Drug_92,Drug_73,1
Drug_67,Drug_71,0
Drug_68,Drug_50,0
Drug_84,Drug_69,0
Drug_13,Drug_1,1
Drug_83,Drug_61,1
Drug_86,Drug_47,1
Drug_52,Drug_61,0
Drug_54,Drug_18,0
Drug_18,Drug_74,0
Drug_24,Drug_26,0
Drug_79,Drug_80,0
Drug_8,Drug_85,1
Drug_11,Drug_1,1
Drug_90,Drug_66,0
Drug_79,Drug_12,1
Drug_1,Drug_100,1
Drug_6,Drug_73,1
Drug_3,Drug_38,0
Drug_1,Drug_72,0
Drug_78,Drug_30,1
Drug_42,Drug_19,1
Drug_44,Drug_51,0
Drug_19,Drug_89,1
Drug_31,Drug_3,0
Drug_29,Drug_89,0
Drug_41,Drug_57,0
Drug_75,Drug_64,0
Drug_73,Drug_3,1
Drug_28,Drug_32,0
Drug_37,Drug_16,0
Drug_93,Drug_64,1
Drug_14,Drug_67,0
Drug_84,Drug_30,1
Drug_13,Drug_50,1
Drug_57,Drug_85,1
Drug_27,Drug_5,1
Drug_2,Drug_47,0
Drug_78,Drug_86,0
Drug_64,Drug_68,0
Drug_47,Drug_55,0
Drug_66,Drug_42,1
Drug_72,Drug_63,1
Drug_48,Drug_57,1
Drug_24,Drug_99,1
Drug_18,Drug_3,0
Drug_51,Drug_59,0
Drug_36,Drug_67,1
Drug_64,Drug_50,0
Drug_74,Drug_8,1
Drug_17,Drug_4,0
Drug_75,Drug_38,1
Drug_97,Drug_72,1
Drug_13,Drug_66,1
Drug_41,Drug_10,1
Drug_77,Drug_78,1
Drug_71,Drug_5,1
Drug_38,Drug_23,1
Drug_49,Drug_39,0
Drug_87,Drug_2,0
Drug_2,Drug_50,0
Drug_31,Drug_20,0
Drug_18,Drug_52,0
Drug_51,Drug_42,0
Drug_42,Drug_23,0
Drug_22,Drug_73,0
Drug_41,Drug_41,0
Drug_66,Drug_61,1
Drug_41,Drug_49,1
Drug_74,Drug_79,1
Drug_27,Drug_99,1
Drug_35,Drug_56,0
Drug_60,Drug_76,0
Drug_55,Drug_50,0
Drug_44,Drug_76,0
Drug_38,Drug_14,1
Drug_79,Drug_65,0
Drug_26,Drug_5,1
Drug_68,Drug_60,1
Drug_92,Drug_6,1
Drug_97,Drug_46,0
Drug_69,Drug_91,0
Drug_20,Drug_44,0
Drug_2,Drug_61,1
Drug_76,Drug_11,0
Drug_56,Drug_74,0
Drug_84,Drug_61,0
Drug_90,Drug_64,0
Drug_93,Drug_15,1
Drug_71,Drug_37,0
Drug_43,Drug_93,1
Drug_77,Drug_88,0
Drug_28,Drug_10,0
Drug_8,Drug_92,1
Drug_89,Drug_40,0
Drug_68,Drug_34,1
Drug_78,Drug_54,0
Drug_70,Drug_51,0
Drug_87,Drug_96,1
Drug_2,Drug_38,0
Drug_53,Drug_5,1
Drug_94,Drug_96,1
Drug_80,Drug_30,0
Drug_90,Drug_59,0
Drug_42,Drug_59,1
Drug_26,Drug_14,0
Drug_70,Drug_95,1
Drug_66,Drug_71,1
Drug_66,Drug_80,0
Drug_18,Drug_10,1
Drug_1,Drug_58,0
Drug_93,Drug_52,1
Drug_65,Drug_28,0
Drug_72,Drug_35,1
Drug_47,Drug_68,1
Drug_56,Drug_10,0
Drug_34,Drug_51,1
Drug_61,Drug_50,0
Drug_84,Drug_29,1
Drug_69,Drug_10,0
Drug_18,Drug_58,1
Drug_54,Drug_98,1
Drug_52,Drug_12,1
Drug_51,Drug_42,0
Drug_34,Drug_34,1
Drug_4,Drug_42,0
Drug_37,Drug_34,0
Drug_19,Drug_72,0
Drug_13,Drug_47,1
Drug_60,Drug_81,1
Drug_3,Drug_32,0
Drug_95,Drug_42,1
Drug_5,Drug_21,0
Drug_56,Drug_24,1
Drug_34,Drug_88,0
Drug_49,Drug_60,0
Drug_65,Drug_46,1
Drug_59,Drug_49,1
Drug_88,Drug_96,1
Drug_35,Drug_53,0
Drug_56,Drug_64,0
Drug_83,Drug_76,1
Drug_35,Drug_75,0
Drug_79,Drug_32,0
Drug_10,Drug_78,1
Drug_66,Drug_62,1
Drug_11,Drug_74,0
Drug_49,Drug_86,0
Drug_78,Drug_9,1
Drug_17,Drug_45,1
Drug_18,Drug_37,0
Drug_4,Drug_63,0
Drug_65,Drug_83,1
Drug_40,Drug_2,0
Drug_3,Drug_74,0
Drug_40,Drug_25,0
Drug_72,Drug_71,1
Drug_48,Drug_7,0
Drug_63,Drug_24,0
Drug_65,Drug_2,0
Drug_24,Drug_55,1
Drug_37,Drug_81,0
Drug_34,Drug_72,0
Drug_39,Drug_34,1
Drug_24,Drug_61,0
Drug_76,Drug_66,0
Drug_78,Drug_57,1
Drug_45,Drug_37,0
Drug_49,Drug_15,1
Drug_20,Drug_60,0
Drug_42,Drug_84,1
Drug_79,Drug_59,1
Drug_7,Drug_77,1
Drug_5,Drug_36,0
Drug_17,Drug_62,1
Drug_16,Drug_22,1
Drug_27,Drug_39,0
Drug_90,Drug_62,0
Drug_5,Drug_21,1
Drug_51,Drug_40,0
Drug_99,Drug_55,1
Drug_14,Drug_49,0
Drug_34,Drug_40,0
Drug_15,Drug_1,0
Drug_96,Drug_29,0
Drug_28,Drug_50,1
Drug_65,Drug_47,1
Drug_57,Drug_28,0
Drug_46,Drug_74,1
Drug_51,Drug_37,1
Drug_97,Drug_69,1
Drug_86,Drug_99,1
Drug_49,Drug_75,0
Drug_47,Drug_81,0
Drug_72,Drug_93,0
Drug_79,Drug_8,0
Drug_2,Drug_87,1
Drug_80,Drug_26,0
Drug_89,Drug_29,0
Drug_91,Drug_36,0
Drug_73,Drug_79,0
Drug_75,Drug_6,0
Drug_17,Drug_65,1
Drug_100,Drug_42,1
Drug_73,Drug_82,1
Drug_74,Drug_8,1
Drug_16,Drug_15,0
Drug_28,Drug_47,0
Drug_36,Drug_19,0
Drug_80,Drug_39,0
Drug_32,Drug_87,1
Drug_43,Drug_86,0
Drug_25,Drug_54,0
Drug_44,Drug_99,0
Drug_70,Drug_60,1
Drug_36,Drug_51,0
Drug_46,Drug_17,1
Drug_35,Drug_22,1
Drug_33,Drug_40,1
Drug_20,Drug_5,1
Drug_62,Drug_74,0
Drug_80,Drug_5,0
Drug_39,Drug_37,1
Drug_67,Drug_94,1
Drug_79,Drug_47,0
Drug_38,Drug_87,0
Drug_65,Drug_65,1
Drug_57,Drug_89,0
Drug_38,Drug_92,1
Drug_99,Drug_54,1
Drug_17,Drug_59,0
Drug_33,Drug_88,0
Drug_47,Drug_55,1
Drug_91,Drug_23,0
Drug_33,Drug_62,1
Drug_42,Drug_28,1
Drug_5,Drug_30,1
Drug_33,Drug_65,1
Drug_58,Drug_100,1
Drug_19,Drug_45,1
Drug_1,Drug_51,0
Drug_19,Drug_16,0
Drug_56,Drug_62,1
Drug_47,Drug_82,1
Drug_43,Drug_13,1
Drug_69,Drug_57,1
Drug_19,Drug_74,0
Drug_79,Drug_61,1
Drug_64,Drug_11,1
Drug_74,Drug_36,1
Drug_41,Drug_24,0
Drug_47,Drug_84,1
Drug_65,Drug_28,1
Drug_19,Drug_53,0
Drug_29,Drug_50,1
Drug_11,Drug_10,0
Drug_14,Drug_71,0
Drug_21,Drug_96,0
Drug_94,Drug_51,0
Drug_13,Drug_65,1
Drug_35,Drug_71,0
Drug_66,Drug_64,1
Drug_11,Drug_10,0
Drug_2,Drug_63,1
Drug_31,Drug_42,0
Drug_28,Drug_99,0
Drug_34,Drug_29,0
Drug_11,Drug_62,0
Drug_81,Drug_74,1
Drug_10,Drug_9,0
Drug_83,Drug_24,0
Drug_37,Drug_42,0
Drug_47,Drug_33,0
Drug_45,Drug_14,0
Drug_30,Drug_43,1
Drug_29,Drug_66,1
Drug_20,Drug_35,0
Drug_56,Drug_82,1
Drug_96,Drug_37,0
Drug_87,Drug_67,1
Drug_84,Drug_51,1
Drug_64,Drug_35,1
Drug_37,Drug_52,1
Drug_15,Drug_30,1
Drug_30,Drug_11,0
Drug_87,Drug_37,1
Drug_57,Drug_78,0
Drug_89,Drug_83,1
Drug_23,Drug_49,0
Drug_19,Drug_94,0
Drug_16,Drug_97,1
Drug_91,Drug_42,0
Drug_84,Drug_39,0
Drug_83,Drug_63,0
Drug_59,Drug_68,0
Drug_23,Drug_16,0
Drug_89,Drug_7,0
Drug_92,Drug_84,0
Drug_93,Drug_26,0
Drug_84,Drug_53,1
Drug_64,Drug_86,0
Drug_31,Drug_69,0
Drug_57,Drug_94,1
Drug_80,Drug_70,1
Drug_28,Drug_28,0
Drug_63,Drug_12,1
Drug_2,Drug_98,0
Drug_50,Drug_76,0
Drug_68,Drug_20,0
Drug_30,Drug_36,0
Drug_27,Drug_81,1
Drug_86,Drug_6,0
Drug_69,Drug_8,0
Drug_61,Drug_40,1
Drug_66,Drug_72,1
Drug_75,Drug_48,0
Drug_32,Drug_92,0
Drug_21,Drug_64,1
Drug_54,Drug_51,1
Drug_70,Drug_19,1
Drug_75,Drug_33,0
Drug_91,Drug_100,1
Drug_60,Drug_36,0
Drug_89,Drug_100,0
Drug_96,Drug_12,1
Drug_42,Drug_58,0
Drug_29,Drug_6,0
Drug_96,Drug_12,0
Drug_7,Drug_83,0
Drug_34,Drug_51,0
Drug_67,Drug_60,0
Drug_7,Drug_82,0
Drug_70,Drug_81,0
Drug_68,Drug_99,0
Drug_8,Drug_81,1
Drug_17,Drug_61,0
Drug_21,Drug_10,1
Drug_9,Drug_74,0
Drug_80,Drug_12,1
Drug_31,Drug_98,0
Drug_75,Drug_25,1
Drug_49,Drug_64,0
Drug_79,Drug_83,1
Drug_30,Drug_27,0
Drug_21,Drug_24,0
Drug_32,Drug_51,1
Drug_78,Drug_31,1
Drug_38,Drug_89,0
Drug_37,Drug_31,1
Drug_67,Drug_82,0
Drug_11,Drug_57,1
Drug_75,Drug_47,0
Drug_56,Drug_32,1
Drug_36,Drug_42,0
Drug_1,Drug_81,0
Drug_3,Drug_29,1
Drug_66,Drug_82,0
Drug_97,Drug_12,1
Drug_56,Drug_74,0
Drug_96,Drug_7,1
Drug_5,Drug_4,1
Drug_79,Drug_47,1
Drug_97,Drug_84,1
Drug_55,Drug_46,1
Drug_9,Drug_11,0
Drug_18,Drug_79,1
Drug_42,Drug_59,1
Drug_84,Drug_45,0
Drug_88,Drug_81,1
Drug_64,Drug_95,0
Drug_61,Drug_42,0
Drug_56,Drug_53,0
Drug_10,Drug_66,1
Drug_5,Drug_97,0
Drug_20,Drug_57,1
Drug_24,Drug_74,0
Drug_7,Drug_72,1
Drug_98,Drug_59,0
Drug_51,Drug_97,0
Drug_50,Drug_24,1
Drug_55,Drug_25,1
Drug_72,Drug_99,0
Drug_55,Drug_83,0
Drug_27,Drug_69,1
Drug_11,Drug_73,0
Drug_93,Drug_25,1
Drug_33,Drug_53,1
Drug_11,Drug_21,0
Drug_73,Drug_89,0
Drug_95,Drug_14,0
Drug_19,Drug_99,1
Drug_94,Drug_17,1
Drug_39,Drug_80,0
Drug_10,Drug_30,0
Drug_90,Drug_26,0
Drug_31,Drug_86,0
Drug_46,Drug_74,1
Drug_50,Drug_52,1
Drug_87,Drug_43,0
Drug_70,Drug_4,1
Drug_97,Drug_78,1
Drug_51,Drug_40,0
Drug_35,Drug_2,1
Drug_16,Drug_83,1
Drug_15,Drug_37,1
Drug_94,Drug_45,0
Drug_66,Drug_92,1
Drug_67,Drug_32,0
Drug_51,Drug_16,0
Drug_64,Drug_56,0
Drug_70,Drug_79,0
Drug_18,Drug_64,1
Drug_2,Drug_5,1
Drug_75,Drug_66,1
Drug_25,Drug_88,1
Drug_16,Drug_70,1
Drug_100,Drug_31,0
Drug_77,Drug_68,0
Drug_14,Drug_65,0
Drug_14,Drug_46,0
Drug_37,Drug_71,0
Drug_63,Drug_56,0
Drug_62,Drug_3,1
Drug_71,Drug_1,1
Drug_5,Drug_39,0
Drug_64,Drug_90,0
Drug_43,Drug_3,1
Drug_37,Drug_46,0
Drug_58,Drug_56,0
Drug_25,Drug_97,0
Drug_54,Drug_9,0
Drug_16,Drug_11,0
Drug_60,Drug_66,0
Drug_46,Drug_73,0
Drug_8,Drug_42,0
Drug_13,Drug_20,0
Drug_42,Drug_2,1
Drug_58,Drug_50,1
Drug_45,Drug_14,1
Drug_39,Drug_13,1
Drug_94,Drug_57,1
Drug_22,Drug_75,1
Drug_93,Drug_44,0
Drug_62,Drug_75,0
Drug_62,Drug_10,0
Drug_22,Drug_27,1
Drug_69,Drug_61,1
Drug_99,Drug_98,1
Drug_28,Drug_15,0
Drug_69,Drug_26,1
Drug_24,Drug_12,1
Drug_3,Drug_86,0
Drug_43,Drug_92,0
Drug_24,Drug_70,1
Drug_32,Drug_35,1
Drug_79,Drug_47,0
Drug_69,Drug_98,1
Drug_98,Drug_8,0
Drug_34,Drug_18,0
Drug_47,Drug_27,1
Drug_67,Drug_93,1
Drug_78,Drug_81,1
Drug_69,Drug_91,0
Drug_34,Drug_13,0
Drug_15,Drug_97,0
Drug_11,Drug_54,0
Drug_46,Drug_46,1
Drug_8,Drug_19,1
Drug_26,Drug_76,0
Drug_44,Drug_13,1
Drug_12,Drug_64,0
Drug_60,Drug_86,0
Drug_11,Drug_56,0
Drug_64,Drug_16,1
Drug_7,Drug_85,0
Drug_68,Drug_88,1
Drug_66,Drug_60,1
Drug_80,Drug_100,0
Drug_9,Drug_100,1
Drug_14,Drug_91,0
Drug_75,Drug_56,1
Drug_90,Drug_25,0
Drug_29,Drug_86,1
Drug_84,Drug_56,1
Drug_25,Drug_89,0
Drug_12,Drug_2,1
Drug_62,Drug_79,1
Drug_39,Drug_1,1
Drug_81,Drug_44,0
Drug_31,Drug_93,1
Drug_5,Drug_47,1
Drug_76,Drug_75,0
Drug_78,Drug_94,0
Drug_31,Drug_91,0
Drug_63,Drug_46,1
Drug_28,Drug_90,0
Drug_61,Drug_95,1
Drug_97,Drug_41,0
Drug_40,Drug_76,0
Drug_56,Drug_11,0
Drug_23,Drug_15,1
Drug_22,Drug_38,0
Drug_48,Drug_48,1
Drug_54,Drug_34,1
Drug_73,Drug_98,1
Drug_100,Drug_30,1
Drug_87,Drug_34,0
Drug_34,Drug_74,1
Drug_13,Drug_25,1
Drug_91,Drug_13,1
Drug_42,Drug_80,1
Drug_66,Drug_34,0
Drug_100,Drug_39,0
Drug_78,Drug_98,1
Drug_97,Drug_48,0
Drug_39,Drug_82,1
Drug_45,Drug_75,0
Drug_66,Drug_72,0
Drug_62,Drug_69,0
Drug_67,Drug_53,0
Drug_23,Drug_15,0
Drug_52,Drug_45,1
Drug_77,Drug_5,1
Drug_35,Drug_50,0
Drug_45,Drug_22,0
Drug_29,Drug_39,1
Drug_58,Drug_6,0
Drug_9,Drug_81,1
Drug_28,Drug_41,1
Drug_6,Drug_2,1
Drug_93,Drug_88,0
Drug_69,Drug_54,0
Drug_10,Drug_19,0
Drug_37,Drug_52,0
Drug_48,Drug_4,1
Drug_32,Drug_85,0
Drug_59,Drug_67,0
Drug_40,Drug_95,1
Drug_4,Drug_71,1
Drug_68,Drug_1,0
Drug_94,Drug_69,1
Drug_18,Drug_94,1
Drug_48,Drug_86,0
Drug_76,Drug_65,0
Drug_96,Drug_35,0
Drug_100,Drug_21,0
Drug_41,Drug_71,1
Drug_88,Drug_93,0
Drug_19,Drug_47,0
Drug_62,Drug_92,0
Drug_39,Drug_31,0
Drug_68,Drug_18,0
Drug_95,Drug_50,1
Drug_77,Drug_18,0
Drug_9,Drug_18,0
Drug_82,Drug_78,0
Drug_63,Drug_94,1
Drug_93,Drug_100,0
Drug_71,Drug_92,0
Drug_73,Drug_62,1
Drug_88,Drug_37,0
Drug_51,Drug_27,1
Drug_32,Drug_61,0
Drug_74,Drug_79,1
Drug_92,Drug_2,1
Drug_100,Drug_82,1
Drug_4,Drug_22,0
Drug_19,Drug_31,1
Drug_100,Drug_5,0
Drug_17,Drug_71,0
Drug_90,Drug_71,1
Drug_41,Drug_84,0
Drug_85,Drug_98,0
Drug_93,Drug_81,1
Drug_88,Drug_67,0
Drug_80,Drug_80,0
Drug_58,Drug_42,1
Drug_39,Drug_27,0
Drug_46,Drug_16,1
Drug_75,Drug_86,1
